video_id,channel_id,channel_name,video_title,publish_date,views,likes,comments,duration,live_broadcast_content
uw4OYow_v7Y,UCOmHUn--16B90oW2L6FRR3A,BLACKPINK,BLACKPINK 10th Anniversary MEET & GREET 🖤💗,2026-08-17T09:00:25Z,1698824,204207,10013,PT1M,none
k--lCrP69hg,UCOmHUn--16B90oW2L6FRR3A,BLACKPINK,BLACKPINK 10TH ANNIVERSARY,2026-08-08T02:59:56Z,4425241,635019,47698,PT2M31S,none
w1ayRv8j5yk,UCOmHUn--16B90oW2L6FRR3A,BLACKPINK,BLACKPINK - DEADLINE JACKET MAKING FILM,2026-03-13T10:00:03Z,2629869,235294,11162,PT2M21S,none
0LLFprdOHqo,UCOmHUn--16B90oW2L6FRR3A,BLACKPINK,BLACKPINK - 'GO' M/V Behind the Scenes,2026-03-09T09:00:03Z,3195871,265503,9763,PT7M20S,none
1EmQk31ImH0,UCOmHUn--16B90oW2L6FRR3A,BLACKPINK,‘GO’ with LISA,2026-03-09T08:30:01Z,4249585,304493,15834,PT23S,none
7F-XXeRzNb8,UCOmHUn--16B90oW2L6FRR3A,BLACKPINK,‘GO’ with ROSÉ,2026-03-09T08:00:06Z,3267652,218609,5706,PT23S,none
_lK8YkoOYUI,UCOmHUn--16B90oW2L6FRR3A,BLACKPINK,‘GO’ with JENNIE,2026-03-05T08:30:01Z,4041104,334071,8216,PT23S,none
v33fDKrzbhg,UCOmHUn--16B90oW2L6FRR3A,BLACKPINK,‘GO’ with JISOO,2026-03-05T08:01:02Z,5050154,388400,9360,PT23S,none
wHYqsIg2Qkw,UCOmHUn--16B90oW2L6FRR3A,BLACKPINK,DEADLINE: BLACKPINK WILL MAKE YOU in NATIONAL MUSEUM OF KOREA with Spotify,2026-03-05T07:00:01Z,2222184,190333,3461,PT1M,none
yQhbf7BW_wI,UCOmHUn--16B90oW2L6FRR3A,BLACKPINK,BLACKPINK - ‘뛰어(JUMP)’ (Official Audio),2026-03-01T05:04:00Z,949943,65915,3224,PT2M45S,none
k7JitOG5wVo,UCOmHUn--16B90oW2L6FRR3A,BLACKPINK,BLACKPINK - ‘GO’ (Official Audio),2026-03-01T05:03:00Z,1753279,77251,3269,PT3M16S,none
AJ2QxtR0dJc,UCOmHUn--16B90oW2L6FRR3A,BLACKPINK,BLACKPINK - ‘Me and my’ (Official Audio),2026-03-01T05:02:00Z,6313324,214061,10603,PT2M53S,none
PgOGYHPoPsE,UCOmHUn--16B90oW2L6FRR3A,BLACKPINK,BLACKPINK - ‘Champion’ (Official Audio),2026-03-01T05:01:07Z,11408339,318413,14232,PT2M53S,none
bgKZC7BgG-M,UCOmHUn--16B90oW2L6FRR3A,BLACKPINK,BLACKPINK - ‘Fxxxboy’ (Official Audio),2026-03-01T05:00:48Z,3879325,154979,8335,PT3M8S,none
PWBgiqpOQqo,UCOmHUn--16B90oW2L6FRR3A,BLACKPINK,BLACKPINK - ‘GO’ M/V HIGHLIGHT CLIP,2026-02-28T03:00:29Z,3884862,308385,5826,PT21S,none
0rj1gqOlTIo,UCOmHUn--16B90oW2L6FRR3A,BLACKPINK,BLACKPINK ‘GO’ OUT NOW,2026-02-27T05:34:32Z,4925905,381354,9738,PT34S,none
2GJfWMYCWY0,UCOmHUn--16B90oW2L6FRR3A,BLACKPINK,BLACKPINK - ‘GO’ M/V,2026-02-27T05:00:07Z,97077517,3841254,410911,PT3M22S,none
_t_jdSMufrU,UCOmHUn--16B90oW2L6FRR3A,BLACKPINK,BLACKPINK - ‘GO’ M/V TEASER,2026-02-23T15:00:05Z,7788904,782286,50129,PT27S,none
l-_1pTW1yp4,UCOmHUn--16B90oW2L6FRR3A,BLACKPINK,BLACKPINK - 3rd MINI ALBUM [DEADLINE] ALBUM MOTION GRAPHIC,2026-02-23T09:00:19Z,1756894,197229,8211,PT40S,none
0SuAHUdHbx0,UCOmHUn--16B90oW2L6FRR3A,BLACKPINK,BLACKPINK - HITS 100 MILLION SUBSCRIBERS ON YOUTUBEㅣThank you BLINKs!,2026-02-21T09:00:02Z,2286321,347015,23117,PT1M28S,none
TLH4ZhtdIV8,UCOmHUn--16B90oW2L6FRR3A,BLACKPINK,BLACKPINK - WORLD TOUR [DEADLINE] IN HONG KONG Behind the Scenes,2026-02-20T09:00:06Z,1584643,127696,7114,PT13M41S,none
K95-UsEVyJg,UCOmHUn--16B90oW2L6FRR3A,BLACKPINK,BLACKPINK - WORLD TOUR [DEADLINE] IN TOKYO Behind the Scenes,2026-02-13T09:00:34Z,1130418,101949,5118,PT7M43S,none
DinuqW4w04A,UCOmHUn--16B90oW2L6FRR3A,BLACKPINK,BLACKPINK WORLD TOUR [DEADLINE] IN HONG KONG 🎆,2026-01-30T08:00:27Z,2324458,158499,5361,PT1M1S,none
oCInq2BAq-E,UCOmHUn--16B90oW2L6FRR3A,BLACKPINK,BLACKPINK WORLD TOUR [DEADLINE] IN TOKYO 🗼,2026-01-23T08:01:02Z,2176064,158804,3565,PT1M,none
6gi87AUDs0M,UCOmHUn--16B90oW2L6FRR3A,BLACKPINK,BLACKPINK 3rd MINI ALBUM [DEADLINE],2026-01-14T15:00:02Z,3081464,279917,19717,PT19S,none
myBJvnB5Ccw,UCOmHUn--16B90oW2L6FRR3A,BLACKPINK,BLACKPINK 3rd MINI ALBUM [DEADLINE],2026-01-14T15:00:02Z,3165788,221404,7886,PT19S,none
vy_mB6QY-Sc,UCOmHUn--16B90oW2L6FRR3A,BLACKPINK,BLACKPINK - WORLD TOUR [DEADLINE] IN BANGKOK Behind the Scenes,2025-12-09T09:01:35Z,2163424,128191,6078,PT8M46S,none
QWmNeYST1Qk,UCOmHUn--16B90oW2L6FRR3A,BLACKPINK,BLACKPINK WORLD TOUR [DEADLINE] IN SINGAPORE 🌸 #BLACKPINK #WORLDTOUR #DEADLINE_IN_SINGAPORE,2025-12-05T06:00:35Z,2691407,164475,6573,PT50S,none
lUe1gtbkwF4,UCOmHUn--16B90oW2L6FRR3A,BLACKPINK,BLACKPINK WORLD TOUR [DEADLINE] IN BULACAN 💟 #BLACKPINK #WORLDTOUR #DEADLINE #DEADLINE_IN_BULACAN,2025-11-28T05:00:49Z,1875841,121498,2851,PT52S,none
xcy2nNd0dSE,UCOmHUn--16B90oW2L6FRR3A,BLACKPINK,BLACKPINK WORLD TOUR [DEADLINE] IN JAKARTA 🌴 #BLACKPINK #WORLDTOUR #DEADLINE #DEADLINE_IN_JAKARTA,2025-11-06T08:01:10Z,2478293,148527,3661,PT45S,none
2EM6T67GRxg,UCOmHUn--16B90oW2L6FRR3A,BLACKPINK,BLACKPINK WORLD TOUR [DEADLINE] IN BANGKOK 💫 #BLACKPINK #WORLDTOUR #DEADLINE #DEADLINE_IN_BANGKOK,2025-10-31T08:00:07Z,1911639,123408,2822,PT54S,none
BoltdEtPiq8,UCOmHUn--16B90oW2L6FRR3A,BLACKPINK,BLACKPINK WORLD TOUR [DEADLINE] IN KAOHSIUNG 💌 #BLACKPINK #WORLDTOUR #DEADLINE_IN_KAOHSIUNG,2025-10-23T08:00:15Z,2704254,165451,4145,PT58S,none
W-9-keHNwV8,UCOmHUn--16B90oW2L6FRR3A,BLACKPINK,BLACKPINK - WORLD TOUR [DEADLINE] IN PARIS & LONDON Behind the Scenes,2025-09-11T09:00:26Z,5002514,164696,8201,PT11M5S,none
pAeqY-TEZc0,UCOmHUn--16B90oW2L6FRR3A,BLACKPINK,BLACKPINK WORLD TOUR [DEADLINE] IN LONDON 🎡 #BLACKPINK #WORLDTOUR #DEADLINE #DEADLINE_IN_LONDON,2025-08-22T10:01:34Z,2761161,180079,6243,PT52S,none
WB_AOdAEuBM,UCOmHUn--16B90oW2L6FRR3A,BLACKPINK,BLACKPINK - WORLD TOUR [DEADLINE] IN LA Behind the Scenes,2025-08-21T09:00:05Z,2462914,158945,7151,PT8M7S,none
zTnAvaoHR4I,UCOmHUn--16B90oW2L6FRR3A,BLACKPINK,BLACKPINK - WORLD TOUR [DEADLINE] IN GOYANG Behind the Scenes,2025-08-14T09:00:19Z,4913743,256977,10872,PT11M59S,none
kAD9usNFh40,UCOmHUn--16B90oW2L6FRR3A,BLACKPINK,BLACKPINK WORLD TOUR [DEADLINE] IN BARCELONA ☀️ #BLACKPINK #WORLDTOUR #DEADLINE_IN_BARCELONA,2025-08-13T10:01:14Z,2113342,150286,3743,PT47S,none
_MffnMh2tas,UCOmHUn--16B90oW2L6FRR3A,BLACKPINK,BLACKPINK WORLD TOUR [DEADLINE] IN MILAN 🎉 #BLACKPINK #블랙핑크 #WORLDTOUR #DEADLINE #DEADLINE_IN_MILAN,2025-08-09T06:00:35Z,1852642,153801,3760,PT47S,none
TL4KxShGOZo,UCOmHUn--16B90oW2L6FRR3A,BLACKPINK,BLACKPINK - BLACKPINK 9TH ANNIVERSARY #BLACKPINK #블랙핑크 #BLACKPINK9THANNIVERSARY #20250808 #YG,2025-08-07T15:00:53Z,4520882,333158,14011,PT19S,none
7QILfdCO6C4,UCOmHUn--16B90oW2L6FRR3A,BLACKPINK,BLACKPINK WORLD TOUR [DEADLINE] IN PARIS 🌷 #BLACKPINK #WORLDTOUR #DEADLINE #DEADLINE_IN_PARIS,2025-08-06T06:00:05Z,2057638,158479,4646,PT43S,none
sOrVRJNMJn8,UCOmHUn--16B90oW2L6FRR3A,BLACKPINK,BLACKPINK WORLD TOUR [DEADLINE] IN NEW YORK 🗽 #BLACKPINK #WORLDTOUR #DEADLINE #DEADLINE_IN_NEWYORK,2025-08-01T10:01:31Z,1464710,126204,3095,PT47S,none
P169hsXjYQs,UCOmHUn--16B90oW2L6FRR3A,BLACKPINK,BLACKPINK - '뛰어(JUMP)' Live at WORLD TOUR [DEADLINE] IN GOYANG,2025-07-29T03:00:08Z,58821653,811287,17754,PT3M8S,none
cuIrjGTGfLs,UCOmHUn--16B90oW2L6FRR3A,BLACKPINK,BLACKPINK WORLD TOUR [DEADLINE] IN TORONTO 🍁 #BLACKPINK #WORLDTOUR #DEADLINE #DEADLINE_IN_TORONTO,2025-07-26T10:01:04Z,1656651,139990,3462,PT45S,none
YOy_-1ukMIY,UCOmHUn--16B90oW2L6FRR3A,BLACKPINK,BLACKPINK WORLD TOUR [DEADLINE] IN CHICAGO ✨ #BLACKPINK #WORLDTOUR #DEADLINE #DEADLINE_IN_CHICAGO,2025-07-22T10:01:01Z,1922422,160893,3696,PT41S,none
PNZ6_9hgDmo,UCOmHUn--16B90oW2L6FRR3A,BLACKPINK,‘뛰어(JUMP)’ with 리사 #BLACKPINK #블랙핑크 #LISA #리사 #뛰어 #JUMP #shorts,2025-07-22T03:00:33Z,8692034,388736,6172,PT20S,none
C7D70HFOEwg,UCOmHUn--16B90oW2L6FRR3A,BLACKPINK,‘뛰어(JUMP)’ with 로제 #BLACKPINK #블랙핑크 #ROSÉ #로제 #뛰어 #JUMP #shorts,2025-07-22T02:00:10Z,8426192,324449,4348,PT21S,none
OIT4-nkQVyo,UCOmHUn--16B90oW2L6FRR3A,BLACKPINK,BLACKPINK - ‘뛰어(JUMP)’ M/V Behind the Scenes,2025-07-21T09:00:01Z,7982361,382302,11897,PT7M58S,none
JBkVSQ6wMVI,UCOmHUn--16B90oW2L6FRR3A,BLACKPINK,BLACKPINK - NEW OFFICIAL LIGHT STICK SPECIAL EDITION 🩷,2025-07-20T09:00:05Z,2011658,204458,9832,PT38S,none
jbsccJy9vOs,UCOmHUn--16B90oW2L6FRR3A,BLACKPINK,BLACKPINK WORLD TOUR [DEADLINE] IN LA 🩷 #BLACKPINK #블랙핑크 #WORLDTOUR #DEADLINE #DEADLINE_IN_LA #YG,2025-07-18T10:01:29Z,2463509,187945,4449,PT1M,none
Y8KlyeWszv0,UCOmHUn--16B90oW2L6FRR3A,BLACKPINK,‘뛰어(JUMP)’ with 제니 #BLACKPINK #블랙핑크 #JENNIE #제니 #뛰어 #JUMP #shorts,2025-07-17T12:01:05Z,8914316,416178,6577,PT20S,none
23U0c8vtTh0,UCOmHUn--16B90oW2L6FRR3A,BLACKPINK,‘뛰어(JUMP)’ with 지수 #BLACKPINK #블랙핑크 #JISOO #지수 #뛰어 #JUMP #shorts,2025-07-17T11:00:03Z,14472633,598438,8199,PT20S,none
TbycDEJ1cQs,UCOmHUn--16B90oW2L6FRR3A,BLACKPINK,Behind the scenes of ‘뛰어(JUMP)’ #BLACKPINK #JISOO #지수 #JENNIE #제니 #ROSÉ #로제 #LISA #리사 #뛰어 #JUMP,2025-07-16T10:00:59Z,7457084,381994,5660,PT21S,none
JPnvxH_GvlA,UCOmHUn--16B90oW2L6FRR3A,BLACKPINK,BLACKPINK WORLD TOUR [DEADLINE] IN GOYANG 🖤 #BLACKPINK #WORLDTOUR #DEADLINE #DEADLINE_IN_GOYANG #YG,2025-07-12T05:00:29Z,3380033,278980,5841,PT55S,none
RUKqwwyAiEU,UCOmHUn--16B90oW2L6FRR3A,BLACKPINK,BLACKPINK - ‘뛰어(JUMP)’ (Official Audio),2025-07-12T04:00:02Z,25153180,309208,9514,PT2M45S,none
I-xWBprLHKI,UCOmHUn--16B90oW2L6FRR3A,BLACKPINK,BLACKPINK - ‘뛰어(JUMP)’ HIGHLIGHT CLIP #BLACKPINK #블랙핑크 #뛰어 #JUMP #MV #HIGHLIGHTCLIP #YG #shorts,2025-07-12T03:00:32Z,29361617,868284,11392,PT27S,none
1noaDd1kRIM,UCOmHUn--16B90oW2L6FRR3A,BLACKPINK,BLACKPINK - ‘뛰어(JUMP)’ OUT NOW #BLACKPINK #블랙핑크 #뛰어 #JUMP #MV #OUTNOW #YG,2025-07-11T04:09:24Z,5492695,403155,9356,PT41S,none
CgCVZdcKcqY,UCOmHUn--16B90oW2L6FRR3A,BLACKPINK,BLACKPINK - ‘뛰어(JUMP)’ M/V,2025-07-11T04:00:07Z,437302617,6864507,483553,PT3M14S,none
VSlfs3s5mtk,UCOmHUn--16B90oW2L6FRR3A,BLACKPINK,BLACKPINK - ‘뛰어(JUMP)’ M/V TEASER,2025-07-07T15:00:02Z,9181133,728558,32485,PT31S,none
j6tqePTqU8A,UCOmHUn--16B90oW2L6FRR3A,BLACKPINK,READY TO JUMP?,2025-07-04T15:00:04Z,5882716,515486,22759,PT18S,none
8YiR9v3sOpk,UCOmHUn--16B90oW2L6FRR3A,BLACKPINK,BLACKPINK WORLD TOUR [DEADLINE] TRAILER,2025-06-26T00:00:12Z,6049612,679357,39452,PT28S,none
6SHLjOKFVXA,UCOmHUn--16B90oW2L6FRR3A,BLACKPINK,BLACKPINK WORLD TOUR [DEADLINE],2025-05-23T11:00:01Z,2883382,247464,11906,PT30S,none
IHVbb5KsBew,UCOmHUn--16B90oW2L6FRR3A,BLACKPINK,BLACKPINK 2025 WORLD TOUR - BLACKPINK MEMORIES,2025-05-08T02:00:01Z,1869633,165021,11590,PT1M6S,none
otS1Nb3hE1k,UCOmHUn--16B90oW2L6FRR3A,BLACKPINK,BLACKPINK 2025 WORLD TOUR - Special Moments with BLINKS,2025-04-08T01:01:03Z,1832539,189667,14770,PT1M8S,none
BZR6dcAkIYM,UCOmHUn--16B90oW2L6FRR3A,BLACKPINK,BLACKPINK 2025 WORLD TOUR SPOT VIDEO,2025-02-19T15:01:05Z,2870899,233353,17752,PT38S,none
blIkPgtlQZw,UCOmHUn--16B90oW2L6FRR3A,BLACKPINK,BLACKPINK 2025 WORLD TOUR TEASER,2025-02-05T15:00:01Z,3469348,362152,31701,PT22S,none
g4hprYkwJik,UCOmHUn--16B90oW2L6FRR3A,BLACKPINK,BLACKPINK - 8TH ANNIVERSARY ‘OUR AREA’ RECAP VIDEO,2024-09-06T09:00:41Z,3172267,280970,14601,PT5M43S,none
bofHLLv7bmk,UCOmHUn--16B90oW2L6FRR3A,BLACKPINK,BLACKPINK - 'Kill This Love' M/V HITS 2 BILLION VIEWS #BLACKPINK #블랙핑크 #KILLTHISLOVE #MV #2BILLION,2024-08-30T23:00:28Z,5453639,413526,11593,PT21S,none
0WR4AQfp2xA,UCOmHUn--16B90oW2L6FRR3A,BLACKPINK,BLACKPINK - BLACKPINK 8TH ANNIVERSARY 'OUR AREA' #BLACKPINK #블랙핑크 #BLACKPINK8THANNIVERSARY #shorts,2024-08-07T15:00:02Z,3568883,331054,8367,PT10S,none
azHJG5GAJBo,UCOmHUn--16B90oW2L6FRR3A,BLACKPINK,BLACKPINK - WORLD TOUR [BORN PINK] IN CINEMAS SPOILER,2024-07-29T15:00:03Z,2140270,170278,6695,PT40S,none
_zbdR2HzWPY,UCOmHUn--16B90oW2L6FRR3A,BLACKPINK,BLACKPINK – WORLD TOUR [BORN PINK] IN CINEMAS SCREENX TRAILER,2024-07-23T15:00:36Z,1123690,117803,6295,PT1M1S,none
RjRkne7tkrY,UCOmHUn--16B90oW2L6FRR3A,BLACKPINK,BLACKPINK – WORLD TOUR [BORN PINK] IN CINEMAS MAIN TRAILER,2024-07-09T15:00:12Z,2085046,170552,8857,PT31S,none
BK8ilG7chKY,UCOmHUn--16B90oW2L6FRR3A,BLACKPINK,Tickets now on sale for BLACKPINK WORLD TOUR [BORN PINK] IN CINEMAS!,2024-06-27T15:00:10Z,4002127,315713,10324,PT16S,none
goSpfTTWM1Q,UCOmHUn--16B90oW2L6FRR3A,BLACKPINK,BLACKPINK - 'Ice Cream (with Selena Gomez)' M/V HITS 900 MILLION VIEWS #BLACKPINK #IceCream,2024-04-07T03:20:28Z,6413284,528065,12219,PT14S,none
dyCR6LB9weY,UCOmHUn--16B90oW2L6FRR3A,BLACKPINK,Complex Presents: Takashi Murakami x BLACKPINK Part 2,2024-03-22T01:00:24Z,3618404,303297,4477,PT21S,none
F4d52OxVYFY,UCOmHUn--16B90oW2L6FRR3A,BLACKPINK,BLACKPINK - 'Shut Down' M/V HITS 600 MILLION VIEWS #BLACKPINK #블랙핑크 #ShutDown #MV #600MILLION,2024-03-20T23:00:11Z,3980494,360784,6781,PT20S,none
Fy-Q9GtlNN4,UCOmHUn--16B90oW2L6FRR3A,BLACKPINK,Complex Presents: Takashi Murakami x BLACKPINK Part 2.,2024-03-15T01:05:00Z,4025407,368184,4366,PT11S,none
fbn5QoWk1js,UCOmHUn--16B90oW2L6FRR3A,BLACKPINK,BLACKPINK - 'Pink Venom' M/V HITS 800 MILLION VIEWS #BLACKPINK #블랙핑크 #PinkVenom #MV #800MILLION,2024-01-27T08:07:29Z,5180984,450511,9171,PT17S,none
qfTIbCXH68A,UCOmHUn--16B90oW2L6FRR3A,BLACKPINK,BLACKPINK: A VR Encore – Official Trailer,2023-12-19T22:00:04Z,7758542,247291,11630,PT31S,none
GxUKJ2beNKw,UCOmHUn--16B90oW2L6FRR3A,BLACKPINK,BLACKPINK X Takashi Murakami,2023-12-09T07:30:17Z,3248523,346576,4903,PT23S,none
98FoMM3ftlQ,UCOmHUn--16B90oW2L6FRR3A,BLACKPINK,Season’s Greetings: From HANK & ROSÉ To You [2024] - Exclusive Video Preview,2023-12-06T07:00:03Z,3698837,382496,5039,PT24S,none
oD8QEoA0bdY,UCOmHUn--16B90oW2L6FRR3A,BLACKPINK,BLACKPINK - 'Kill This Love' M/V HITS 1.9 BILLION VIEWS,2023-12-04T01:30:45Z,6246231,502700,7340,PT21S,none
2V_GLwm0oK0,UCOmHUn--16B90oW2L6FRR3A,BLACKPINK,Season’s Greetings: From HANK & ROSÉ To You [2024] Preview,2023-11-24T07:00:01Z,4299556,326938,10538,PT58S,none
gExhbUo61n0,UCOmHUn--16B90oW2L6FRR3A,BLACKPINK,BLACKPINK: A VR Encore – Official Teaser,2023-11-15T22:00:10Z,2576926,208829,6053,PT17S,none
6lw4Cbk1IzA,UCOmHUn--16B90oW2L6FRR3A,BLACKPINK,BLACKPINK - ‘B.P.M.’ Last Roll,2023-10-20T09:00:04Z,5149210,327439,18808,PT14M34S,none
Yl_rmlS4u9s,UCOmHUn--16B90oW2L6FRR3A,BLACKPINK,BLACKPINK - ‘B.P.M.’ Roll #33,2023-10-13T09:00:21Z,2572173,163432,4712,PT13M6S,none
q9lQG1shW6o,UCOmHUn--16B90oW2L6FRR3A,BLACKPINK,JENNIE - 'You & Me' Behind The Scenes,2023-10-13T04:00:36Z,3663656,240668,5724,PT2M44S,none
OCxrWKk-Jbw,UCOmHUn--16B90oW2L6FRR3A,BLACKPINK,JENNIE - ‘You & Me (Jazz ver.)’ LIVE CLIP HIGHLIGHT CLIP,2023-10-11T04:30:46Z,13036636,1029266,13691,PT15S,none
ZgLlabyz7oY,UCOmHUn--16B90oW2L6FRR3A,BLACKPINK,JENNIE - ‘You & Me (Jazz ver.)’ LIVE CLIP,2023-10-11T04:00:28Z,12092549,776459,28606,PT2M31S,none
fLfPgF92c-g,UCOmHUn--16B90oW2L6FRR3A,BLACKPINK,JENNIE - ‘You & Me’ [BORN PINK] WORLD TOUR STAGE MIX VIDEO HIGHLIGHT CLIP,2023-10-08T04:01:04Z,22817317,1577337,11535,PT24S,none
ZSc-zcWl2g8,UCOmHUn--16B90oW2L6FRR3A,BLACKPINK,JENNIE - ‘You & Me’ [BORN PINK] WORLD TOUR STAGE MIX VIDEO,2023-10-08T04:00:14Z,12861299,512656,12566,PT3M6S,none
jFJzCODStOQ,UCOmHUn--16B90oW2L6FRR3A,BLACKPINK,JENNIE - ‘You & Me’ DANCE PERFORMANCE VIDEO HIGHLIGHT CLIP,2023-10-07T04:00:18Z,20360673,1575497,11984,PT22S,none
TIbItS4-4bQ,UCOmHUn--16B90oW2L6FRR3A,BLACKPINK,BLACKPINK - ‘B.P.M.’ Roll #32,2023-10-06T09:00:31Z,2320607,153521,3363,PT10M17S,none
CpbJO2Z6DA4,UCOmHUn--16B90oW2L6FRR3A,BLACKPINK,JENNIE - You & Me (Official Audio),2023-10-06T07:00:20Z,10800473,367570,12376,PT3M,none
3yILnlnIqyU,UCOmHUn--16B90oW2L6FRR3A,BLACKPINK,JENNIE - You & Me (Coachella ver.) (Official Audio),2023-10-06T07:00:06Z,37881681,578383,13851,PT3M,none
eQNHDV7lKgE,UCOmHUn--16B90oW2L6FRR3A,BLACKPINK,JENNIE - ‘You & Me’ DANCE PERFORMANCE VIDEO,2023-10-06T04:00:20Z,263883270,3886439,307722,PT3M32S,none
va6ituuGqQc,UCOmHUn--16B90oW2L6FRR3A,BLACKPINK,JISOO - '꽃(FLOWER)' M/V HITS 400 MILLION VIEWS,2023-10-03T07:08:41Z,5255802,541186,6861,PT20S,none
lEQVW6uRUz8,UCOmHUn--16B90oW2L6FRR3A,BLACKPINK,BLACKPINK - ‘B.P.M.’ Roll #31,2023-09-29T09:00:28Z,4089603,250298,8384,PT7M39S,none
G6yvzF1Wdt0,UCOmHUn--16B90oW2L6FRR3A,BLACKPINK,BLACKPINK - 'How You Like That' DANCE PERFORMANCE VIDEO HITS 1.5 BILLION VIEWS,2023-09-26T13:25:58Z,7615006,674208,7173,PT21S,none
_nqUz_Y7zrs,UCOmHUn--16B90oW2L6FRR3A,BLACKPINK,BLACKPINK WORLD TOUR [BORN PINK] SEOUL FINALE HIGHLIGHT CLIP,2023-09-22T12:00:36Z,7334576,536066,6165,PT52S,none
-bamhqJtLp4,UCOmHUn--16B90oW2L6FRR3A,BLACKPINK,BLACKPINK - ‘B.P.M.’ Roll #30,2023-09-22T09:00:00Z,2321775,186229,5673,PT12M2S,none
gAw2yxK_GfU,UCLkAepWjdylmXSltofFvsYQ,BANGTANTV (BTS),내가 멤버 씻겨 주기 vs 멤버가 나를 씻겨 주기 #BTS #방탄소년단 #RunBTS #달려라방탄 #달방,2026-10-06T11:01:45Z,238046,36422,991,PT58S,none
iLci-9ZeBdM,UCLkAepWjdylmXSltofFvsYQ,BANGTANTV (BTS),남준이는 왜 뒤로 가냐? #BTS #방탄소년단 #RunBTS #달려라방탄 #달방,2026-10-06T11:01:34Z,316305,47287,1116,PT32S,none
mtWEdghJbjs,UCLkAepWjdylmXSltofFvsYQ,BANGTANTV (BTS),어디서 끊을 건데? #BTS #방탄소년단 #RunBTS #달려라방탄 #달방,2026-10-06T11:01:24Z,296872,42855,1061,PT43S,none
uKDwxmAa_wk,UCLkAepWjdylmXSltofFvsYQ,BANGTANTV (BTS),나 이거 어디서 봤는데 #BTS #방탄소년단 #RunBTS #달려라방탄 #달방,2026-10-06T11:01:00Z,186424,35915,787,PT36S,none
qmp3RB7qbN4,UCLkAepWjdylmXSltofFvsYQ,BANGTANTV (BTS),동심?소풍? 생각해 볼게 l BTS in Toronto EP.1,2026-10-06T11:00:02Z,5127424,410867,20988,PT26M26S,none
QjfgdrPq2Oo,UCLkAepWjdylmXSltofFvsYQ,BANGTANTV (BTS),TRIP TO NIAGARA FALLS l RM's VLOG,2026-10-05T10:00:00Z,1893532,177517,9906,PT6M3S,none
qhB30FChG18,UCLkAepWjdylmXSltofFvsYQ,BANGTANTV (BTS),BTS WORLD TOUR ‘ARIRANG’ IN EUROPE Sketch,2026-10-01T11:00:04Z,4254943,294771,11572,PT36M42S,none
xEDzDYmVXlg,UCLkAepWjdylmXSltofFvsYQ,BANGTANTV (BTS),BTS in Toronto 예고,2026-09-30T12:00:01Z,4236120,390147,17002,PT51S,none
eJXL4-4m5nY,UCLkAepWjdylmXSltofFvsYQ,BANGTANTV (BTS),BTS (방탄소년단) ‘Merry Go Round’ Official MV,2026-09-25T15:00:01Z,9843681,823394,34419,PT4M19S,none
GyJS58cAN94,UCLkAepWjdylmXSltofFvsYQ,BANGTANTV (BTS),BTS WORLD TOUR ‘ARIRANG’ Practice Sketch,2026-09-25T10:00:00Z,3888786,285337,10001,PT22M46S,none
1Vhd4z5hum4,UCLkAepWjdylmXSltofFvsYQ,BANGTANTV (BTS),BTS (방탄소년단) 'MIC Drop + FYA' Stage CAM @ iHeartRadio Music Festival 2026,2026-09-23T15:00:10Z,2528889,177644,7841,PT6M58S,none
xnfSjN6bBg8,UCLkAepWjdylmXSltofFvsYQ,BANGTANTV (BTS),BTS (방탄소년단) '2.0' Stage CAM @ iHeartRadio Music Festival 2026,2026-09-23T15:00:04Z,2395586,157693,5694,PT3M2S,none
DmJLy3nunzM,UCLkAepWjdylmXSltofFvsYQ,BANGTANTV (BTS),BTS WORLD TOUR ‘ARIRANG’ LIVE VIEWING FROM BUENOS AIRES & SAO PAULO - Official Trailer,2026-09-17T13:00:00Z,1533271,89402,4411,PT48S,none
e2cUJ4z4S1o,UCLkAepWjdylmXSltofFvsYQ,BANGTANTV (BTS),"BTS, 손흥민, LA, Let's Go! #BTS #방탄소년단",2026-09-11T10:00:37Z,1271946,157086,6032,PT57S,none
ZmUrr8vd_I4,UCLkAepWjdylmXSltofFvsYQ,BANGTANTV (BTS),투어 중간에 스위스 가서 등산하는 이유⛰️ l SUGA’s VLOG,2026-08-29T10:00:00Z,3436884,230242,12148,PT5M50S,none
_bhYr1BpByY,UCLkAepWjdylmXSltofFvsYQ,BANGTANTV (BTS),BTS FIFA World Cup 2026 Final Halftime Show Sketch,2026-08-20T11:00:01Z,4122254,279176,10922,PT17M20S,none
x-jvBQgx3vI,UCLkAepWjdylmXSltofFvsYQ,BANGTANTV (BTS),A Love Letter to New York | THE CITY ARIRANG NEW YORK,2026-08-18T13:00:00Z,690873,109839,3961,PT1M44S,none
99pjILwt00o,UCLkAepWjdylmXSltofFvsYQ,BANGTANTV (BTS),DRIVING IN GERMANY l RM's VLOG,2026-08-18T10:00:13Z,1334375,219225,16139,PT4M17S,none
flxMZDu38Ng,UCLkAepWjdylmXSltofFvsYQ,BANGTANTV (BTS),BTS WORLD TOUR ‘ARIRANG’ IN BUSAN Sketch,2026-08-14T11:00:05Z,2161285,211490,9469,PT19M27S,none
HDu9XC9xiJs,UCLkAepWjdylmXSltofFvsYQ,BANGTANTV (BTS),BTS WORLD TOUR ‘ARIRANG’ IN NORTH AMERICA Part 1 Sketch,2026-08-08T09:59:58Z,4388114,351400,12914,PT42M14S,none
L04XpMC2qKg,UCLkAepWjdylmXSltofFvsYQ,BANGTANTV (BTS),FIFA World Cup 2026 Green Room Photographers,2026-08-06T10:00:01Z,1482547,202386,5986,PT1M57S,none
bVgm4dy6Uxc,UCLkAepWjdylmXSltofFvsYQ,BANGTANTV (BTS),BTS (방탄소년단) 'NORMAL (Korean Ver.)' Visualizer for ARMY,2026-07-28T15:00:01Z,2558131,301954,11590,PT3M36S,none
6yvxHpIO5NY,UCLkAepWjdylmXSltofFvsYQ,BANGTANTV (BTS),BTS (방탄소년단) 'NORMAL (Korean Ver.)' Lyric Video,2026-07-26T15:00:01Z,2273595,264093,10185,PT3M18S,none
KG_fYGOUgio,UCLkAepWjdylmXSltofFvsYQ,BANGTANTV (BTS),'NORMAL (Korean Ver.)' Stage CAM @ BTS WORLD TOUR 'ARIRANG' IN BUSAN,2026-07-25T15:00:01Z,1240509,152291,6182,PT3M6S,none
iGlS99t6kF0,UCLkAepWjdylmXSltofFvsYQ,BANGTANTV (BTS),나랑 부산 퇴근런 10km 뛸 사람? (with 정국) l SUGA’s VLOG,2026-07-25T11:00:00Z,1842380,249300,8580,PT13M30S,none
p0nPyE-dv9Q,UCLkAepWjdylmXSltofFvsYQ,BANGTANTV (BTS),'NORMAL (Korean Ver.)' Stage CAM (Jung Kook focus) @ BTS WORLD TOUR 'ARIRANG' IN BUSAN,2026-07-24T15:00:21Z,604680,115737,6469,PT3M8S,none
8jS_NPS4FhU,UCLkAepWjdylmXSltofFvsYQ,BANGTANTV (BTS),'NORMAL (Korean Ver.)' Stage CAM (V focus) @ BTS WORLD TOUR 'ARIRANG' IN BUSAN,2026-07-24T15:00:19Z,581522,101959,7434,PT3M8S,none
Y7do-6qV5Dw,UCLkAepWjdylmXSltofFvsYQ,BANGTANTV (BTS),'NORMAL (Korean Ver.)' Stage CAM (Jimin focus) @ BTS WORLD TOUR 'ARIRANG' IN BUSAN,2026-07-24T15:00:13Z,519067,98554,7129,PT3M7S,none
X4uBZwZkjmw,UCLkAepWjdylmXSltofFvsYQ,BANGTANTV (BTS),'NORMAL (Korean Ver.)' Stage CAM (j-hope focus) @ BTS WORLD TOUR 'ARIRANG' IN BUSAN,2026-07-24T15:00:11Z,270423,69403,4013,PT3M7S,none
Thn47sTsq3Y,UCLkAepWjdylmXSltofFvsYQ,BANGTANTV (BTS),'NORMAL (Korean Ver.)' Stage CAM (SUGA focus) @ BTS WORLD TOUR 'ARIRANG' IN BUSAN,2026-07-24T15:00:08Z,261421,84287,3943,PT3M7S,none
0JN60GMrjB8,UCLkAepWjdylmXSltofFvsYQ,BANGTANTV (BTS),'NORMAL (Korean Ver.)' Stage CAM (Jin focus) @ BTS WORLD TOUR 'ARIRANG' IN BUSAN,2026-07-24T15:00:04Z,382468,91364,5719,PT3M8S,none
yYC_U2atiE8,UCLkAepWjdylmXSltofFvsYQ,BANGTANTV (BTS),'NORMAL (Korean Ver.)' Stage CAM (RM focus) @ BTS WORLD TOUR 'ARIRANG' IN BUSAN,2026-07-24T15:00:00Z,248420,84922,4245,PT3M7S,none
oZfkwTOGXDM,UCLkAepWjdylmXSltofFvsYQ,BANGTANTV (BTS),FIFA World Cup 2026ㅣParis to New York : 24-Hour Log,2026-07-23T10:00:01Z,1860942,233949,9276,PT1M,none
6vBjUVdN0mc,UCLkAepWjdylmXSltofFvsYQ,BANGTANTV (BTS),Citywide Celebration in London | THE CITY ARIRANG LONDON,2026-07-22T10:00:01Z,405441,90034,3071,PT1M38S,none
NySBAMooqOc,UCLkAepWjdylmXSltofFvsYQ,BANGTANTV (BTS),BTS ‘NORMAL’ MV Behind the Scenes,2026-07-21T11:00:01Z,2783877,314296,10347,PT6M47S,none
Hb06Iem3FWg,UCLkAepWjdylmXSltofFvsYQ,BANGTANTV (BTS),BTS (방탄소년단) 'NORMAL' Live Clip,2026-07-20T15:00:04Z,5470078,500052,19740,PT3M8S,none
kwAhKmSWdx8,UCLkAepWjdylmXSltofFvsYQ,BANGTANTV (BTS),'Dynamite' by V | BTS WORLD TOUR ‘ARIRANG’,2026-07-09T09:00:00Z,2800119,337022,14873,PT3M30S,none
V9UUPuMa5ck,UCLkAepWjdylmXSltofFvsYQ,BANGTANTV (BTS),"러너 슈가, 샌프란시스코에서 뜨거운 맛을 보다 l SUGA’s VLOG",2026-07-05T11:00:01Z,1802224,291235,15366,PT8M50S,none
HD9TQigBMxk,UCLkAepWjdylmXSltofFvsYQ,BANGTANTV (BTS),BTS WORLD TOUR ‘ARIRANG’ IN TOKYO Sketch,2026-06-23T11:00:00Z,2691035,232178,8022,PT15M47S,none
lXOyNftE2EM,UCLkAepWjdylmXSltofFvsYQ,BANGTANTV (BTS),BTS 'American Music Awards 2026' Sketch,2026-06-22T10:00:03Z,3178191,281106,9524,PT8M27S,none
K8uJRwMsT3s,UCLkAepWjdylmXSltofFvsYQ,BANGTANTV (BTS),BTS ‘Merry Go Round’ MV Behind the Scenes,2026-06-21T10:58:58Z,1468048,258125,10169,PT9M21S,none
WGUOBBnljiM,UCLkAepWjdylmXSltofFvsYQ,BANGTANTV (BTS),Homecoming in Busan | THE CITY ARIRANG BUSAN,2026-06-21T06:00:03Z,1101982,112915,4146,PT2M14S,none
8AYxDDrG5uQ,UCLkAepWjdylmXSltofFvsYQ,BANGTANTV (BTS),"BTS 'Hooligan', '2.0' Dance Practice Sketch",2026-06-18T10:00:03Z,5906880,481288,13795,PT17M42S,none
3ZOFQ33sLBE,UCLkAepWjdylmXSltofFvsYQ,BANGTANTV (BTS),"#KEEPSWIMMING with BTS. To everyone who keeps swimming no matter what, we send our love and support.",2026-06-13T13:00:02Z,1637667,265650,13882,PT2M38S,none
MEoxtFRfPoc,UCLkAepWjdylmXSltofFvsYQ,BANGTANTV (BTS),BTS (방탄소년단) 'Come Over' Lyric Video,2026-06-12T04:00:02Z,20167802,1112480,72573,PT3M,none
JW1fB02DoZw,UCLkAepWjdylmXSltofFvsYQ,BANGTANTV (BTS),해본 적 없지만 오랜만임 #BTS #방탄소년단 #RunBTS #달려라방탄 #달방,2026-06-10T15:00:55Z,1311737,124084,2768,PT13S,none
Z62bLaZig6M,UCLkAepWjdylmXSltofFvsYQ,BANGTANTV (BTS),명MC와 일하니까 어때 #방탄소년단 #RunBTS #달려라방탄 #달방,2026-06-10T15:00:51Z,1043287,107155,1830,PT22S,none
WSxkWYLVo6g,UCLkAepWjdylmXSltofFvsYQ,BANGTANTV (BTS),다음 앨범 강력 스포(?) #BTS #방탄소년단 #RunBTS #달려라방탄 #달방,2026-06-10T15:00:45Z,889597,108924,1613,PT25S,none
rwMnVPZUdZg,UCLkAepWjdylmXSltofFvsYQ,BANGTANTV (BTS),진짜 제 아이디어 아니에요 #BTS #방탄소년단 #RunBTS #달려라방탄 #달방,2026-06-10T15:00:39Z,761602,92583,1340,PT29S,none
i9T0TiqiARY,UCLkAepWjdylmXSltofFvsYQ,BANGTANTV (BTS),방탄회식 2.0 #2026BTSFESTA,2026-06-10T15:00:03Z,5930571,511397,23224,PT22M44S,none
AtpHm0pDxg8,UCLkAepWjdylmXSltofFvsYQ,BANGTANTV (BTS),방탄회식 2.0 예고 #2026BTSFESTA,2026-06-10T09:00:00Z,1542695,259727,9255,PT50S,none
rL4G9V7mbtg,UCLkAepWjdylmXSltofFvsYQ,BANGTANTV (BTS),Jung Kook's NORMAL LOG #2026BTSFESTA,2026-06-07T14:00:01Z,3573813,439802,18044,PT6M14S,none
sY19m7EZTw4,UCLkAepWjdylmXSltofFvsYQ,BANGTANTV (BTS),V's NORMAL LOG #2026BTSFESTA,2026-06-07T12:00:00Z,2318082,342029,15525,PT6M14S,none
zumHEUr0ZMM,UCLkAepWjdylmXSltofFvsYQ,BANGTANTV (BTS),Jimin's NORMAL LOG #2026BTSFESTA,2026-06-07T09:00:02Z,2379526,352171,17612,PT6M14S,none
dqafmXySDlg,UCLkAepWjdylmXSltofFvsYQ,BANGTANTV (BTS),Jin's NORMAL LOG #2026BTSFESTA,2026-06-07T06:00:00Z,1959831,311408,13376,PT6M14S,none
0Mjnk0NejP8,UCLkAepWjdylmXSltofFvsYQ,BANGTANTV (BTS),SUGA's NORMAL LOG #2026BTSFESTA,2026-06-07T05:00:00Z,1814879,379540,20596,PT6M14S,none
LnU8U6qx6h0,UCLkAepWjdylmXSltofFvsYQ,BANGTANTV (BTS),j-hope's NORMAL LOG #2026BTSFESTA,2026-06-07T03:59:59Z,1810852,334092,14138,PT6M14S,none
si9-zPNKK0I,UCLkAepWjdylmXSltofFvsYQ,BANGTANTV (BTS),RM's NORMAL LOG #2026BTSFESTA,2026-06-07T02:00:00Z,1633417,358116,19120,PT6M14S,none
JAgpBCePHuU,UCLkAepWjdylmXSltofFvsYQ,BANGTANTV (BTS),BTS Family Photo Short Clip #2026BTSFESTA #BTS13thAnniversary #Shorts,2026-06-03T15:09:58Z,1758044,274836,10729,PT56S,none
-e1FNxxoXY8,UCLkAepWjdylmXSltofFvsYQ,BANGTANTV (BTS),안전 운전 RM 🛺 #BTS #방탄소년단,2026-06-02T11:00:07Z,1045753,148368,3695,PT1M,none
gXUpnNvUzYg,UCLkAepWjdylmXSltofFvsYQ,BANGTANTV (BTS),Las Vegas Welcomes BTS | THE CITY ARIRANG LAS VEGAS,2026-05-31T06:00:39Z,595843,115378,4264,PT1M27S,none
ifimMx-kcqE,UCLkAepWjdylmXSltofFvsYQ,BANGTANTV (BTS),ONE LUCKY DAY l V’s VLOG,2026-05-30T11:00:00Z,3403100,405699,18971,PT27M8S,none
xcym63-g7mA,UCLkAepWjdylmXSltofFvsYQ,BANGTANTV (BTS),지민 헤어 스타일링 담당 제이홉 ✨  #BTS #방탄소년단,2026-05-29T11:00:22Z,2706373,203526,3413,PT14S,none
V276Pu7NVMM,UCLkAepWjdylmXSltofFvsYQ,BANGTANTV (BTS),BTS WORLD TOUR 'ARIRANG' IN BUSAN: LIVE VIEWING - Main Trailer,2026-05-28T13:00:18Z,1486018,94287,3463,PT41S,none
WYNjY54wxnQ,UCLkAepWjdylmXSltofFvsYQ,BANGTANTV (BTS),BTS Visits Mexico's National Palace,2026-05-27T11:00:03Z,2654141,342131,12939,PT5M39S,none
2AIJVad2E4c,UCLkAepWjdylmXSltofFvsYQ,BANGTANTV (BTS),Best Driver V 🛺 #BTS #방탄소년단,2026-05-27T09:30:39Z,1392579,171762,4299,PT58S,none
FV0M0YzjrVY,UCLkAepWjdylmXSltofFvsYQ,BANGTANTV (BTS),"#KEEPSWIMMING with BTS: 김세진 (Kim Sejin) Stories of those who don’t stop. now, what’s yours?",2026-05-25T03:00:00Z,726305,89263,1471,PT3M,none
RoN9RS7iikA,UCLkAepWjdylmXSltofFvsYQ,BANGTANTV (BTS),방탄이와 강아지 🐶 #BTS #방탄소년단,2026-05-23T10:00:00Z,1991099,206544,3863,PT59S,none
ZOj-K8-_PIc,UCLkAepWjdylmXSltofFvsYQ,BANGTANTV (BTS),BTS WORLD TOUR ‘ARIRANG’ IN GOYANG Sketch,2026-05-22T10:59:59Z,3346278,255909,7226,PT21M56S,none
SstVvV19I3U,UCLkAepWjdylmXSltofFvsYQ,BANGTANTV (BTS),"#KEEPSWIMMING with BTS: 조성진 (Seong-Jin Cho) Stories of those who don’t stop. now, what’s yours?",2026-05-20T02:59:56Z,699466,88057,1280,PT2M51S,none
HzZ3jsP4fcE,UCLkAepWjdylmXSltofFvsYQ,BANGTANTV (BTS),BTS ‘Rolling Stone’ Short Film,2026-05-18T09:59:55Z,1281233,189600,6145,PT54S,none
9jI2CZ0bMuM,UCLkAepWjdylmXSltofFvsYQ,BANGTANTV (BTS),BTS 'ARIRANG' North America Promotions Sketch,2026-05-14T11:00:01Z,3078501,277211,9327,PT19M53S,none
cRU6AQX0cg0,UCLkAepWjdylmXSltofFvsYQ,BANGTANTV (BTS),"#KEEPSWIMMING with BTS: 정구호 (Jung Kuho) Stories of those who don’t stop. now, what’s yours?",2026-05-11T02:59:45Z,633066,78612,1079,PT3M,none
2K7R68DmAfE,UCLkAepWjdylmXSltofFvsYQ,BANGTANTV (BTS),BTS THE COMEBACK LIVE l ARIRANG Sketch,2026-05-09T10:00:08Z,2916753,287927,8308,PT16M16S,none
5hjpnnluyi8,UCLkAepWjdylmXSltofFvsYQ,BANGTANTV (BTS),★BTS 대박 기원★ #BTS #방탄소년단 #RunBTS #달려라방탄 #달방,2026-05-05T13:00:31Z,776595,103134,1715,PT56S,none
lsEBxl-2f74,UCLkAepWjdylmXSltofFvsYQ,BANGTANTV (BTS),족구하라의 추락 #BTS #방탄소년단 #RunBTS #달려라방탄 #달방,2026-05-05T13:00:24Z,749051,87761,1276,PT49S,none
2XT4Xv3KivQ,UCLkAepWjdylmXSltofFvsYQ,BANGTANTV (BTS),"이번 달방의 히어로, 슈가 #BTS #방탄소년단 #RunBTS #달려라방탄 #달방",2026-05-05T13:00:19Z,589873,78580,1169,PT37S,none
Q3YtX4Qu7XM,UCLkAepWjdylmXSltofFvsYQ,BANGTANTV (BTS),손 들고 서 있기 10초!!! #BTS #방탄소년단 #RunBTS #달려라방탄 #달방,2026-05-05T13:00:15Z,524647,70160,811,PT58S,none
PHZg8msdhAo,UCLkAepWjdylmXSltofFvsYQ,BANGTANTV (BTS),팀 김석진의 질주 #BTS #방탄소년단 #RunBTS #달려라방탄 #달방,2026-05-05T13:00:08Z,432665,63746,688,PT58S,none
dLJJ_h8n-5Q,UCLkAepWjdylmXSltofFvsYQ,BANGTANTV (BTS),팀 에이스 vs 팀 김석진 시작해 볼까? #BTS #방탄소년단 #RunBTS #달려라방탄 #달방,2026-05-05T13:00:03Z,382549,60384,612,PT48S,none
jvvuHBGKuR0,UCLkAepWjdylmXSltofFvsYQ,BANGTANTV (BTS),자비 없는 세기의 족구 대결 l BTS’s TRIP EP.3,2026-05-05T12:00:00Z,8842146,585077,23499,PT32M,none
p3obzU9nluM,UCLkAepWjdylmXSltofFvsYQ,BANGTANTV (BTS),하루의 끝 #BTS #방탄소년단 #RunBTS #달려라방탄 #달방,2026-04-30T13:00:45Z,774563,103722,1461,PT56S,none
N9z3daZBxZM,UCLkAepWjdylmXSltofFvsYQ,BANGTANTV (BTS),K-청양고추의 맛 #BTS #방탄소년단 #RunBTS #달려라방탄 #달방,2026-04-30T13:00:40Z,601368,74555,792,PT52S,none
CK4Z9A2fUYE,UCLkAepWjdylmXSltofFvsYQ,BANGTANTV (BTS),어떻게 사람이 이렇게 맑눈광? #BTS #방탄소년단 #RunBTS #달려라방탄 #달방,2026-04-30T13:00:36Z,819864,80166,1151,PT48S,none
ic7JqZw1l8A,UCLkAepWjdylmXSltofFvsYQ,BANGTANTV (BTS),호비 플리마켓 어떰 #BTS #방탄소년단 #RunBTS #달려라방탄 #달방,2026-04-30T13:00:28Z,490503,66115,681,PT45S,none
Rxpir1PHnh4,UCLkAepWjdylmXSltofFvsYQ,BANGTANTV (BTS),키조개와 관자 논란 #BTS #방탄소년단 #RunBTS #달려라방탄 #달방,2026-04-30T12:59:59Z,457395,62246,723,PT56S,none
9D-8kb6RIK4,UCLkAepWjdylmXSltofFvsYQ,BANGTANTV (BTS),무릎 꿇고 손 들고 한 시간 동안 안 서 있어 봤잖아요? l BTS’s TRIP EP.2,2026-04-30T12:00:01Z,9901757,650455,21589,PT25M33S,none
5RSVmeuQhe4,UCLkAepWjdylmXSltofFvsYQ,BANGTANTV (BTS),뷔X정국 핸드사인 연습 🤝 #BTS #방탄소년단,2026-04-29T10:00:10Z,1790364,228541,5553,PT37S,none
c1jf5Aw9cXc,UCLkAepWjdylmXSltofFvsYQ,BANGTANTV (BTS),"#KEEPSWIMMING with BTS: 메기강 (Maggie Kang) Stories of those who don’t stop.now, what’s yours?",2026-04-29T02:59:57Z,470195,64055,858,PT2M46S,none
fIce5diB5-c,UCLkAepWjdylmXSltofFvsYQ,BANGTANTV (BTS),"#KEEPSWIMMING with BTS: 오키로만 (5kmman) Stories of those who don’t stop. now, what’s yours?",2026-04-24T12:59:58Z,691029,82043,1250,PT2M57S,none
m881RLulnvk,UCLkAepWjdylmXSltofFvsYQ,BANGTANTV (BTS),뭔가 잘못됐어 단단히 #BTS #방탄소년단 #RunBTS #달려라방탄 #달방,2026-04-23T13:00:17Z,960305,106746,1377,PT19S,none
z_4Te60IBFs,UCLkAepWjdylmXSltofFvsYQ,BANGTANTV (BTS),두근두근 방 배정 #BTS #방탄소년단 #RunBTS #달려라방탄 #달방,2026-04-23T13:00:12Z,785288,99975,1145,PT35S,none
FDk-IwuBgSY,UCLkAepWjdylmXSltofFvsYQ,BANGTANTV (BTS),POV : 연기소년단 #BTS #방탄소년단 #RunBTS #달려라방탄 #달방,2026-04-23T13:00:09Z,790452,99488,1116,PT22S,none
iNikp3se0jc,UCLkAepWjdylmXSltofFvsYQ,BANGTANTV (BTS),"어서와, 합숙은 오랜만이지? #BTS #방탄소년단 #RunBTS #달려라방탄 #달방",2026-04-23T13:00:04Z,851523,90406,1163,PT47S,none
vo9xM-MThgg,UCLkAepWjdylmXSltofFvsYQ,BANGTANTV (BTS),뛰는 지진정 위에 나는 뷔 #BTS #방탄소년단 #RunBTS #달려라방탄 #달방,2026-04-23T13:00:00Z,698281,91553,1557,PT57S,none
wu6bA3zK_us,UCLkAepWjdylmXSltofFvsYQ,BANGTANTV (BTS),방탄이가방에들어가신다 l BTS’s TRIP EP.1,2026-04-23T12:00:01Z,14908550,1103580,42544,PT25M9S,none
WOmHZv4USUs,UCLkAepWjdylmXSltofFvsYQ,BANGTANTV (BTS),BTS ’SWIM’ Dance Practice Sketch,2026-04-21T11:00:01Z,3823274,369061,10170,PT11M42S,none
ZKIvimB8D9c,UCLkAepWjdylmXSltofFvsYQ,BANGTANTV (BTS),BTS’s TRIP 예고 #BTS #방탄소년단 #RunBTS #달려라방탄 #달방,2026-04-20T12:00:27Z,907865,141294,3251,PT50S,none
QKAS24XQ9-A,UCLkAepWjdylmXSltofFvsYQ,BANGTANTV (BTS),BTS’s TRIP 예고,2026-04-20T12:00:03Z,3802090,527668,19719,PT50S,none
jEeaWKVu-1o,UCLkAepWjdylmXSltofFvsYQ,BANGTANTV (BTS),BTS WORLD TOUR 'ARIRANG' IN JAPAN - ARMY'S MOVIE @ TOKYO,2026-04-20T08:59:00Z,828289,138494,3634,PT1M39S,none
j8pR1tyoRFc,UCqECaJ8Gagnn7YCbPEzWH6g,Taylor Swift,Taylor Swift - Patient Zero (Expanded Video),2026-10-05T04:00:36Z,2494082,75922,2656,PT8M12S,none
mw3kSNIxjqo,UCqECaJ8Gagnn7YCbPEzWH6g,Taylor Swift,Taylor Swift - Patient Zero (Official Music Video),2026-09-29T22:00:19Z,15346816,388203,17553,PT5M13S,none
c0Y4PqvDvqc,UCqECaJ8Gagnn7YCbPEzWH6g,Taylor Swift,Taylor Swift - The Life of a Showgirl: The Encore STATION,2026-09-24T23:35:13Z,26148089,60462,0,P0D,live
BpR280fXISA,UCqECaJ8Gagnn7YCbPEzWH6g,Taylor Swift,Taylor Swift - Patient Zero (Official Lyric Video),2026-09-26T00:01:38Z,9865517,121364,5925,PT3M49S,none
jfVVXYTZykw,UCqECaJ8Gagnn7YCbPEzWH6g,Taylor Swift,Taylor Swift - Cleveland! (Official Lyric Video),2026-09-26T00:01:38Z,5004355,116927,7786,PT3M30S,none
kXOKQCtttbw,UCqECaJ8Gagnn7YCbPEzWH6g,Taylor Swift,Taylor Swift - Pink Clouding (Official Lyric Video),2026-09-26T00:01:38Z,3520907,59578,2428,PT3M14S,none
tZnNLoPKriU,UCqECaJ8Gagnn7YCbPEzWH6g,Taylor Swift,Taylor Swift - Babylon (Official Lyric Video),2026-09-26T00:01:38Z,3954977,66504,3648,PT3M43S,none
_voc5oQkvZw,UCqECaJ8Gagnn7YCbPEzWH6g,Taylor Swift,The Life of a Showgirl: The Encore including 4 new songs is available to pre-order & save now ❤️‍🔥,2026-09-23T13:15:36Z,714136,40996,1208,PT15S,none
XwCWKSO0F8s,UCqECaJ8Gagnn7YCbPEzWH6g,Taylor Swift,"Taylor Swift - I Knew It, I Knew You (Piano Version) (Official Music Video)",2026-08-29T13:00:33Z,2245084,60824,3395,PT3M16S,none
_9jaJtmraXA,UCqECaJ8Gagnn7YCbPEzWH6g,Taylor Swift,Taylor Swift Performance - The Icon Sessions at the Grammy Museum,2026-08-24T23:02:12Z,6129172,256114,15218,PT7M51S,none
hDU4GB1PTxc,UCqECaJ8Gagnn7YCbPEzWH6g,Taylor Swift,"Taylor Swift - I Knew It, I Knew You (from Toy Story 5)",2026-06-07T19:00:36Z,30566556,338915,10480,PT3M4S,none
o9LcBozLplo,UCqECaJ8Gagnn7YCbPEzWH6g,Taylor Swift,"“I Knew It, I Knew You” from Toy Story 5 is out everywhere now. 🤠🐴",2026-06-05T04:13:42Z,779372,41705,1913,PT27S,none
WqbJT_vC0rs,UCqECaJ8Gagnn7YCbPEzWH6g,Taylor Swift,Taylor Swift - Elizabeth Taylor (Official Music Video),2026-04-02T12:00:54Z,10063696,207140,9934,PT3M49S,none
ZeiAo9SeDE8,UCqECaJ8Gagnn7YCbPEzWH6g,Taylor Swift,Taylor Swift - Opalite (Chris Lake Remix) (Visualizer),2026-02-23T19:30:22Z,1340971,15197,993,PT3M53S,none
vZJXqv48lIc,UCqECaJ8Gagnn7YCbPEzWH6g,Taylor Swift,Taylor Swift - Opalite (BUNT. Remix) (Visualizer),2026-02-23T19:30:18Z,1529474,32883,1857,PT3M35S,none
K3jkKvnemws,UCqECaJ8Gagnn7YCbPEzWH6g,Taylor Swift,Taylor Swift - Opalite (Skream Remix) (Visualizer),2026-02-23T19:30:13Z,930330,8319,625,PT3M59S,none
wNYl89BsIyg,UCqECaJ8Gagnn7YCbPEzWH6g,Taylor Swift,Taylor Swift - Opalite (Ely Oaks Remix) (Visualizer),2026-02-23T19:30:06Z,947903,9178,669,PT3M30S,none
x_uxpBJQqCA,UCqECaJ8Gagnn7YCbPEzWH6g,Taylor Swift,Opalite Official Music Video Extended Versions Part 1 & 2 out now at TaylorSwift.com ✨,2026-02-13T05:18:20Z,612038,41966,785,PT27S,none
1FVF-9KQiPo,UCqECaJ8Gagnn7YCbPEzWH6g,Taylor Swift,Taylor Swift - Opalite (Official Music Video),2026-02-08T13:00:02Z,32978796,691991,30062,PT6M,none
2Shv-eeNmY4,UCqECaJ8Gagnn7YCbPEzWH6g,Taylor Swift,The Opalite video is out now. Visit TaylorSwift.com for more,2026-02-06T13:16:08Z,4628405,133007,3026,PT24S,none
-c9Cg0l__fo,UCqECaJ8Gagnn7YCbPEzWH6g,Taylor Swift,There truly was magic in the *eras*✨ watch starting TOMORROW on @d@disneyplust 12am PT / 3am ET,2025-12-11T15:35:30Z,1557295,69955,3003,PT31S,none
fHjxp-rpUGw,UCqECaJ8Gagnn7YCbPEzWH6g,Taylor Swift,Just 11 days until the final show of The Eras Tour is all yours ✨🎂,2025-12-02T01:41:18Z,493516,26162,2377,PT1M38S,none
yX2kZ8OIsfU,UCqECaJ8Gagnn7YCbPEzWH6g,Taylor Swift,Taylor Swift - The Fate of Ophelia (The Chainsmokers Remix) (Visualizer),2025-11-28T05:01:16Z,2643225,43429,2101,PT3M,none
dSSqCoCiQVs,UCqECaJ8Gagnn7YCbPEzWH6g,Taylor Swift,"The End of an Era"", a 6-episode docuseries, streams on @Disneyplus beginning Dec 12 🫶",2025-11-13T13:35:48Z,497231,42751,1966,PT2M32S,none
PdMdbiY6-lE,UCqECaJ8Gagnn7YCbPEzWH6g,Taylor Swift,Taylor Swift - The Fate of Ophelia (Alone In My Tower Acoustic Version) (Visualizer),2025-10-31T04:00:38Z,2608780,87870,3462,PT3M50S,none
YF6jaBeBMIk,UCqECaJ8Gagnn7YCbPEzWH6g,Taylor Swift,December 12th on @DisneyPlus,2025-10-13T12:23:45Z,1050792,97277,4727,PT1M40S,none
ZzYBzwfjjDE,UCqECaJ8Gagnn7YCbPEzWH6g,Taylor Swift,Never been accused of not keeping it 💯,2025-10-09T19:58:35Z,497754177,2087763,23066,PT18S,none
GXODnqWPzH8,UCqECaJ8Gagnn7YCbPEzWH6g,Taylor Swift,Pledge allegiance to your 👐 your 🏈 your viiiiiiiibes,2025-10-06T13:36:29Z,404421338,1942788,18021,PT17S,none
rbmdfEQODOw,UCqECaJ8Gagnn7YCbPEzWH6g,Taylor Swift,Taylor Swift - The Fate of Ophelia (Lyric Video),2025-10-06T00:10:17Z,11217346,148505,5414,PT3M50S,none
OU6362Nggg0,UCqECaJ8Gagnn7YCbPEzWH6g,Taylor Swift,Taylor Swift - The Life of a Showgirl (Feat. Sabrina Carpenter) (Lyric Video),2025-10-05T23:48:06Z,16876966,123013,4127,PT4M6S,none
4-EzK5UB40U,UCqECaJ8Gagnn7YCbPEzWH6g,Taylor Swift,Taylor Swift - Honey (Lyric Video),2025-10-05T23:44:06Z,9498199,58047,2343,PT3M6S,none
F-5XoUZ42Tc,UCqECaJ8Gagnn7YCbPEzWH6g,Taylor Swift,Taylor Swift - CANCELLED! (Lyric Video),2025-10-05T23:40:06Z,13394509,84031,8665,PT3M36S,none
6m50keINEOI,UCqECaJ8Gagnn7YCbPEzWH6g,Taylor Swift,Taylor Swift - Wood (Lyric Video),2025-10-05T23:37:06Z,15132434,79663,4141,PT2M35S,none
wqgUzLHgNMI,UCqECaJ8Gagnn7YCbPEzWH6g,Taylor Swift,Taylor Swift - Wi$h Li$t (Lyric Video),2025-10-05T23:33:06Z,18059111,101233,3062,PT3M32S,none
FnEg1RgmqO4,UCqECaJ8Gagnn7YCbPEzWH6g,Taylor Swift,Taylor Swift - Actually Romantic (Lyric Video),2025-10-05T23:29:06Z,12083650,67036,3346,PT2M49S,none
WQCPl5rTMDQ,UCqECaJ8Gagnn7YCbPEzWH6g,Taylor Swift,Taylor Swift - Ruin The Friendship (Lyric Video),2025-10-05T23:24:06Z,14964668,85434,2842,PT3M45S,none
HwQnW_ZRKhc,UCqECaJ8Gagnn7YCbPEzWH6g,Taylor Swift,Taylor Swift - Eldest Daughter (Lyric Video),2025-10-05T23:19:06Z,11981615,89051,2921,PT4M10S,none
98SmlWOKuME,UCqECaJ8Gagnn7YCbPEzWH6g,Taylor Swift,Taylor Swift - Father Figure (Lyric Video),2025-10-05T23:15:06Z,20453772,92454,3251,PT3M36S,none
fxeEYfVDaJI,UCqECaJ8Gagnn7YCbPEzWH6g,Taylor Swift,"The official music video for “The Fate of Ophelia” is available now, only on YouTube ❤️‍🔥",2025-10-05T23:14:46Z,660303,25588,397,PT1M7S,none
3PJC6uPIekc,UCqECaJ8Gagnn7YCbPEzWH6g,Taylor Swift,Taylor Swift - Opalite (Lyric Video),2025-10-05T23:10:06Z,59299511,295508,7061,PT3M59S,none
7X5iDKPrZH0,UCqECaJ8Gagnn7YCbPEzWH6g,Taylor Swift,Taylor Swift - Elizabeth Taylor (Lyric Video),2025-10-05T23:06:06Z,19905469,124999,3773,PT3M32S,none
ko70cExuzZM,UCqECaJ8Gagnn7YCbPEzWH6g,Taylor Swift,Taylor Swift - The Fate of Ophelia (Official Music Video),2025-10-05T23:00:06Z,540231930,3792780,151692,PT3M59S,none
b3hW8c9mmLQ,UCqECaJ8Gagnn7YCbPEzWH6g,Taylor Swift,Taylor Swift - Father Figure (Visualizer),2025-10-03T04:17:26Z,10391079,105918,5592,PT3M38S,none
svcboYY81wU,UCqECaJ8Gagnn7YCbPEzWH6g,Taylor Swift,Taylor Swift - The Fate of Ophelia (Visualizer),2025-10-03T04:01:14Z,17321073,247972,11000,PT3M50S,none
slUhVTAznMo,UCqECaJ8Gagnn7YCbPEzWH6g,Taylor Swift,Taylor Swift - The Life of a Showgirl (feat. Sabrina Carpenter) (Visualizer),2025-10-03T04:01:10Z,15221510,239442,11059,PT4M6S,none
rc6NKSVv2fw,UCqECaJ8Gagnn7YCbPEzWH6g,Taylor Swift,Taylor Swift - Eldest Daughter (Visualizer),2025-10-03T04:01:08Z,7448714,115777,4849,PT4M11S,none
mC54kTYa9oI,UCqECaJ8Gagnn7YCbPEzWH6g,Taylor Swift,Taylor Swift - Wi$h Li$t (Visualizer),2025-10-03T04:01:05Z,12275781,117961,6063,PT3M32S,none
erilCNjng-g,UCqECaJ8Gagnn7YCbPEzWH6g,Taylor Swift,Taylor Swift - Wood (Visualizer),2025-10-03T04:00:47Z,6240310,86881,4619,PT2M35S,none
RId6LV1wtQY,UCqECaJ8Gagnn7YCbPEzWH6g,Taylor Swift,Taylor Swift - Ruin the Friendship (Visualizer),2025-10-03T04:00:37Z,7494725,92667,3595,PT3M45S,none
ShsfUTynzQU,UCqECaJ8Gagnn7YCbPEzWH6g,Taylor Swift,Taylor Swift - Actually Romantic (Visualizer),2025-10-03T04:00:37Z,9098468,112306,8160,PT2M48S,none
Ij6SgmK8KGQ,UCqECaJ8Gagnn7YCbPEzWH6g,Taylor Swift,Taylor Swift - CANCELLED! (Visualizer),2025-10-03T04:00:24Z,8976111,111531,7262,PT3M36S,none
9Sx8MWI8qTU,UCqECaJ8Gagnn7YCbPEzWH6g,Taylor Swift,Taylor Swift - Honey (Visualizer),2025-10-03T04:00:11Z,6077256,89768,4026,PT3M6S,none
4FUIEcnvT04,UCqECaJ8Gagnn7YCbPEzWH6g,Taylor Swift,Taylor Swift - Opalite (Visualizer),2025-10-03T04:00:06Z,35828565,241246,9344,PT3M59S,none
4Mg_Qtr6Osg,UCqECaJ8Gagnn7YCbPEzWH6g,Taylor Swift,Taylor Swift - Elizabeth Taylor (Visualizer),2025-10-03T04:00:06Z,13179285,138642,5949,PT3M32S,none
V9ED1fR21U0,UCqECaJ8Gagnn7YCbPEzWH6g,Taylor Swift,The Life of a Showgirl: The Crowd is Your King Edition only at Target,2025-09-30T19:57:21Z,1058858,72234,2375,PT31S,none
9BTFD_gX6qQ,UCqECaJ8Gagnn7YCbPEzWH6g,Taylor Swift,She’s got 4️⃣ days left to rehearse for her big moment… 😂,2025-09-29T13:14:31Z,3776208,164217,3006,PT31S,none
zqaLqctWP28,UCqECaJ8Gagnn7YCbPEzWH6g,Taylor Swift,The Life of a Showgirl: The Tiny Bubbles in Champagne Vinyl Collection ❤️‍🔥,2025-08-25T20:02:56Z,1714130,73975,2395,PT16S,none
BLFnkfAc7iY,UCqECaJ8Gagnn7YCbPEzWH6g,Taylor Swift,"The Life of a Showgirl: Baby, That’s Show Business Vinyl Collection is available now on my site❤️‍🔥",2025-08-21T18:04:53Z,1423466,61369,1281,PT16S,none
0Xh9s_3uRO8,UCqECaJ8Gagnn7YCbPEzWH6g,Taylor Swift,The Life of a Showgirl: The Shiny Bug Vinyl Collection is available now on my site for 48 hours❤️‍🔥,2025-08-18T18:13:43Z,1521847,65915,1638,PT16S,none
w_DD-7_zVtw,UCqECaJ8Gagnn7YCbPEzWH6g,Taylor Swift,"And, baby, that’s show business for you. New album The Life of a Showgirl. Out October 3  ❤️‍🔥",2025-08-14T05:00:58Z,2609353,127957,3102,PT8S,none
58zLBjzfd4M,UCqECaJ8Gagnn7YCbPEzWH6g,Taylor Swift,The #TSSummer2025 collection. Available at store.taylorswift.com while supplies last! ☀️,2025-06-11T17:00:25Z,1839280,79178,2435,PT31S,none
P0haCYjysUs,UCqECaJ8Gagnn7YCbPEzWH6g,Taylor Swift,Anti-Hero (Behind The Scenes with The Ghosts In The Room),2024-12-13T17:24:03Z,1496450,84315,5906,PT3M23S,none
PQp643val70,UCqECaJ8Gagnn7YCbPEzWH6g,Taylor Swift,cardigan (behind the scenes - forest & ocean),2024-12-13T15:26:29Z,920146,71273,2716,PT2M27S,none
-ddfFsLHNQs,UCqECaJ8Gagnn7YCbPEzWH6g,Taylor Swift,"Anti-Hero (Behind the Scenes with Mike Birbiglia, John Early & Mary Elizabeth Ellis)",2024-12-13T15:04:17Z,702281,52688,1799,PT3M21S,none
0GeyBM6NS5s,UCqECaJ8Gagnn7YCbPEzWH6g,Taylor Swift,Bejeweled (Behind the Scenes with Dita Von Teese),2024-12-13T15:04:04Z,2159511,82650,1988,PT3M12S,none
UAtpbCEsJlA,UCqECaJ8Gagnn7YCbPEzWH6g,Taylor Swift,"Bejeweled (Behind the Scenes with Jack Antonoff, HAIM & Pat McGrath)",2024-12-13T15:03:50Z,759725,50922,1279,PT2M31S,none
K-8dOw7yuPo,UCqECaJ8Gagnn7YCbPEzWH6g,Taylor Swift,Bejeweled (Behind the Scenes with Laura Dern),2024-12-13T15:03:35Z,737163,56697,1307,PT4M7S,none
w04K8z_nfDI,UCqECaJ8Gagnn7YCbPEzWH6g,Taylor Swift,"Fortnight (Behind the Scenes with Post Malone, Ethan Hawke & Josh Charles)",2024-12-13T15:03:06Z,948893,79967,4525,PT3M49S,none
AFzzgQ7uCw4,UCqECaJ8Gagnn7YCbPEzWH6g,Taylor Swift,"I Can See You (From The Vault) (Behind the Scenes with Joey King, Taylor Lautner & Presley Cash)",2024-12-13T15:02:50Z,778347,72150,3141,PT3M22S,none
ZwK7hrDC5UM,UCqECaJ8Gagnn7YCbPEzWH6g,Taylor Swift,Karma (feat. Ice Spice) (Behind the Scenes),2024-12-13T15:02:32Z,893314,79113,3138,PT3M14S,none
g_meC49cN5k,UCqECaJ8Gagnn7YCbPEzWH6g,Taylor Swift,Back in the office… 😎 #MiamiTSTheErasTour,2024-10-18T14:20:25Z,4069922,251124,14380,PT18S,none
yj1_GJiJovg,UCqECaJ8Gagnn7YCbPEzWH6g,Taylor Swift,"October 15, 2024",2024-10-15T12:33:56Z,2284531,187752,5817,PT31S,none
b6zPqm0lLQs,UCqECaJ8Gagnn7YCbPEzWH6g,Taylor Swift,Taylor Swift - I Can Do It With A Broken Heart (Dombresky Remix),2024-09-13T04:00:26Z,1044371,46275,4603,PT3M11S,none
VCTze4UuC9g,UCqECaJ8Gagnn7YCbPEzWH6g,Taylor Swift,✨ NOW PLAYING ✨ The “I Can Do It With A Broken Heart” Music Video 🤍,2024-08-20T22:15:57Z,5060434,305086,6858,PT38S,none
Sl6en1NPTYM,UCqECaJ8Gagnn7YCbPEzWH6g,Taylor Swift,Taylor Swift - I Can Do It With A Broken Heart (Official Video),2024-08-20T22:00:07Z,46497032,990806,46785,PT3M43S,none
PQTA-EVc5DI,UCqECaJ8Gagnn7YCbPEzWH6g,Taylor Swift,Taylor Swift - Fortnight (feat. Post Malone) (Cults Remix),2024-07-09T04:00:20Z,1476212,35762,4909,PT3M20S,none
HZIg5sQrPAM,UCqECaJ8Gagnn7YCbPEzWH6g,Taylor Swift,Taylor Swift - Fortnight (feat. Post Malone) (Acoustic),2024-07-09T04:00:14Z,2803623,88790,4935,PT3M49S,none
0GQ_QeZxdzo,UCqECaJ8Gagnn7YCbPEzWH6g,Taylor Swift,Taylor Swift - Fortnight (feat. Post Malone) (Behind the Scenes),2024-06-21T13:00:00Z,3851924,172153,7344,PT3M40S,none
KJXP13hqf2I,UCqECaJ8Gagnn7YCbPEzWH6g,Taylor Swift,Taylor Swift - Fortnight (feat Post Malone) (BLOND:ISH Remix),2024-05-22T00:00:43Z,3114222,75220,6378,PT3M42S,none
ZwlBxvnH-So,UCqECaJ8Gagnn7YCbPEzWH6g,Taylor Swift,A fortnight since TTPD 🤍 brought to you by YouTube Shorts #ForAFortnightChallenge,2024-05-03T17:31:46Z,32357282,1373125,15943,PT16S,none
F0TUVujmtxY,UCqECaJ8Gagnn7YCbPEzWH6g,Taylor Swift,A fortnight til Paris 🤍 Brought to you by YouTube Shorts #ForAFortnightChallenge,2024-04-25T21:58:39Z,35995790,1918947,20167,PT16S,none
AtDCWnV_Vzo,UCqECaJ8Gagnn7YCbPEzWH6g,Taylor Swift,A fortnight making TTPD 🤍 Brought to you by YouTube Shorts #ForAFortnightChallenge,2024-04-22T20:30:56Z,36422809,1898028,19397,PT16S,none
BpkmUfv1I4Q,UCqECaJ8Gagnn7YCbPEzWH6g,Taylor Swift,Taylor Swift - I Hate It Here (Official Lyric Video),2024-04-20T00:10:39Z,8920974,111131,5248,PT4M8S,none
56TZ3B8Qxsk,UCqECaJ8Gagnn7YCbPEzWH6g,Taylor Swift,Taylor Swift - The Black Dog (Official Lyric Video),2024-04-20T00:10:34Z,12342379,101890,3009,PT4M4S,none
2hBLC7E8v3A,UCqECaJ8Gagnn7YCbPEzWH6g,Taylor Swift,Share your “fortnight” recap with #ForAFortnightChallenge 🤍 brought to you by YouTube Shorts,2024-04-20T00:02:45Z,125847954,4489416,46866,PT16S,none
iMMUAd66vxo,UCqECaJ8Gagnn7YCbPEzWH6g,Taylor Swift,Taylor Swift - The Alchemy (Official Lyric Video),2024-04-20T00:00:34Z,21336052,122691,2968,PT3M22S,none
vOZFiX6hDXQ,UCqECaJ8Gagnn7YCbPEzWH6g,Taylor Swift,Taylor Swift - Who’s Afraid of Little Old Me? (Official Lyric Video),2024-04-20T00:00:33Z,34276154,238049,7597,PT5M39S,none
uEssK8o3jKg,UCqECaJ8Gagnn7YCbPEzWH6g,Taylor Swift,Taylor Swift - Florida!!! (feat. Florence + The Machine) (Official Lyric Video),2024-04-20T00:00:31Z,16607629,122454,3724,PT3M40S,none
bAi80EylyXQ,UCqECaJ8Gagnn7YCbPEzWH6g,Taylor Swift,Taylor Swift - The Bolter (Official Lyric Video),2024-04-20T00:00:26Z,8102412,63615,1652,PT4M3S,none
iY6Qhlua8Zw,UCqECaJ8Gagnn7YCbPEzWH6g,Taylor Swift,Taylor Swift - The Manuscript (Official Lyric Video),2024-04-20T00:00:26Z,3231942,46863,1259,PT3M49S,none
_PsBoqNwYo4,UCqECaJ8Gagnn7YCbPEzWH6g,Taylor Swift,Taylor Swift - The Prophecy (Official Lyric Video),2024-04-20T00:00:25Z,22630336,137660,3419,PT4M14S,none
wRKXAAV6jh4,UCqECaJ8Gagnn7YCbPEzWH6g,Taylor Swift,Taylor Swift - My Boy Only Breaks His Favorite Toys (Official Lyric Video),2024-04-20T00:00:25Z,29201492,157981,3643,PT3M29S,none
RQMz4JDbtmI,UCqECaJ8Gagnn7YCbPEzWH6g,Taylor Swift,Taylor Swift - The Tortured Poets Department (Official Lyric Video),2024-04-20T00:00:24Z,20113402,168925,5644,PT4M58S,none
w-FkV0EM_CU,UCqECaJ8Gagnn7YCbPEzWH6g,Taylor Swift,Taylor Swift -  So High School (Official Lyric Video),2024-04-20T00:00:23Z,31635225,191569,5606,PT3M55S,none
oaBJlKXBvjk,UCqECaJ8Gagnn7YCbPEzWH6g,Taylor Swift,Taylor Swift - thanK you aIMee (Official Lyric Video),2024-04-20T00:00:20Z,6652636,80729,4068,PT4M30S,none
gOtOWeD9YJk,UCqECaJ8Gagnn7YCbPEzWH6g,Taylor Swift,Taylor Swift - Chloe or Sam or Sophia or Marcus (Official Lyric Video),2024-04-20T00:00:18Z,7625746,61952,1790,PT3M39S,none
fcVUbmdQfaE,UCqECaJ8Gagnn7YCbPEzWH6g,Taylor Swift,Taylor Swift - Clara Bow (Official Lyric Video),2024-04-20T00:00:17Z,7481282,60697,1610,PT3M42S,none
i8_w_m6HLJ0,UCqECaJ8Gagnn7YCbPEzWH6g,Taylor Swift,Taylor Swift - I Can Do It With a Broken Heart (Official Lyric Video),2024-04-20T00:00:17Z,36113758,323596,7335,PT3M43S,none
OKWfv-x2rdU,UCqECaJ8Gagnn7YCbPEzWH6g,Taylor Swift,Taylor Swift - I Can Fix Him (No Really I Can) (Official Lyric Video),2024-04-20T00:00:16Z,6969775,53591,1242,PT2M41S,none
OOYlWF6V8t8,UCqECaJ8Gagnn7YCbPEzWH6g,Taylor Swift,Taylor Swift - Guilty as Sin (Official Lyric Video),2024-04-20T00:00:15Z,73773494,240030,4757,PT4M19S,none
vfD1jpZ_qwM,UC0C-w0YjGpqDXGB8IHb662A,Ed Sheeran,Teenage Dirtbag with Wheatus at Met Life - Ed HQ,2026-09-07T17:37:42Z,91851,2613,978,PT41S,none
r-8A0V-yqh0,UC0C-w0YjGpqDXGB8IHb662A,Ed Sheeran,Had @camilacabello pop out at MetLife. Bam Bam forever - Ed HQ,2026-09-05T10:46:55Z,172976,5107,460,PT59S,none
2hrjsQw4s6k,UC0C-w0YjGpqDXGB8IHb662A,Ed Sheeran,Nothing better than a Saturday Night in Detroit - EdHQ,2026-09-03T15:04:46Z,102749,4372,203,PT40S,none
ciqhbJvBvQk,UC0C-w0YjGpqDXGB8IHb662A,Ed Sheeran,How To Save a Life with Isaac Slade in Toronto - Ed HQ,2026-08-28T15:49:56Z,79435,3330,227,PT37S,none
JDxF93ZjUPs,UC0C-w0YjGpqDXGB8IHb662A,Ed Sheeran,Can't go to Toronto and not play Love Yourself - Ed HQ,2026-08-24T15:23:47Z,126442,5052,215,PT39S,none
GAvbAp_nSTU,UC0C-w0YjGpqDXGB8IHb662A,Ed Sheeran,"First night in Toronto done, two more to go - Ed HQ",2026-08-21T14:50:54Z,71954,3556,183,PT38S,none
SKS7RHRHl_k,UC0C-w0YjGpqDXGB8IHb662A,Ed Sheeran,You guys requested Sofa at the Loop Tour. Feel like it's 2011 again - EdHQ,2026-08-19T14:38:24Z,125487,4182,180,PT46S,none
TQE7namY8BA,UC0C-w0YjGpqDXGB8IHb662A,Ed Sheeran,Full circle moment 16 years later in LA - Ed HQ,2026-08-10T22:29:42Z,154479,5406,225,PT1M,none
qrNFJtTLuaU,UC0C-w0YjGpqDXGB8IHb662A,Ed Sheeran,Ed Sheeran - Loop Tour 2026 Setlist,2026-04-29T16:43:41Z,1087018,11425,0,P0D,live
WQeohsHHPdw,UC0C-w0YjGpqDXGB8IHb662A,Ed Sheeran,"Love all of your setlist requests, even the rogue ones - Ed HQ",2026-08-04T11:56:17Z,203277,7515,397,PT55S,none
gCjne5bAC_U,UC0C-w0YjGpqDXGB8IHb662A,Ed Sheeran,"Thank you Santa Clara, we felt the California Love - Ed HQ",2026-07-27T15:07:52Z,170991,4448,261,PT26S,none
QHwUqiOkTmo,UC0C-w0YjGpqDXGB8IHb662A,Ed Sheeran,Not such an ordinary night when @AlexWarren joins you on stage in San Diego - Ed HQ,2026-07-22T17:02:43Z,206031,7926,226,PT1M,none
G4M2ziMozRg,UC0C-w0YjGpqDXGB8IHb662A,Ed Sheeran,Duetting Underneath Your Clothes with @Shakira at ​⁠Barclays Center - Ed HQ,2026-07-22T13:25:34Z,292350,8218,245,PT38S,none
bjXvCQ39K40,UC0C-w0YjGpqDXGB8IHb662A,Ed Sheeran,"Vegas, that was beautiful - Ed HQ",2026-07-20T13:18:34Z,164394,3922,141,PT24S,none
0DR3RoI6OXo,UC0C-w0YjGpqDXGB8IHb662A,Ed Sheeran,Who's ready for the rest of the Loop Tour - Ed HQ,2026-07-16T16:53:18Z,173497,4879,248,PT30S,none
i2P7lYDUSyo,UC0C-w0YjGpqDXGB8IHb662A,Ed Sheeran,"Loop tour diaries from the first few months in North America, watch on YouTube now - Ed HQ",2026-07-13T17:14:48Z,184924,3987,160,PT18S,none
k-4oyFJcu5I,UC0C-w0YjGpqDXGB8IHb662A,Ed Sheeran,Loop Tour Diaries - North America (June & July 2026),2026-07-13T17:00:30Z,287395,3984,3557,PT2M26S,none
eswZSRIa764,UC0C-w0YjGpqDXGB8IHb662A,Ed Sheeran,Visiting the lads at the @england team camp - Ed HQ,2026-07-10T14:05:52Z,171314,4891,194,PT50S,none
pZ8beIju00c,UC0C-w0YjGpqDXGB8IHb662A,Ed Sheeran,Happy 250th 4th of July America x,2026-07-06T15:07:26Z,199036,5898,341,PT1M,none
eb0OMrM6GtA,UC0C-w0YjGpqDXGB8IHb662A,Ed Sheeran,"From covering Ed’s songs, to supporting on the Loop Tour. What a journey @officialelliebanke - Ed HQ",2026-06-29T13:24:53Z,203762,5693,215,PT58S,none
gp886z7UiIo,UC0C-w0YjGpqDXGB8IHb662A,Ed Sheeran,A picture perfect moment in Milwaukee - Ed HQ,2026-06-26T15:44:30Z,178231,4841,151,PT43S,none
ZC4Fi2YivDI,UC0C-w0YjGpqDXGB8IHb662A,Ed Sheeran,Thank you Nashville - Ed HQ,2026-06-23T09:29:02Z,124348,5416,232,PT39S,none
rTWTAoAQzSA,UC0C-w0YjGpqDXGB8IHb662A,Ed Sheeran,Bringing out @DanAndShay in Nashville to sing Tequila - Ed HQ,2026-06-22T18:15:11Z,114598,4271,120,PT25S,none
BMwslmG97Fc,UC0C-w0YjGpqDXGB8IHb662A,Ed Sheeran,Repeat It Acoustic with @MartinGarrix  out now x,2026-06-19T16:54:40Z,130438,5493,257,PT35S,none
yUXfvSymM1s,UC0C-w0YjGpqDXGB8IHb662A,Ed Sheeran,"Kicked off the North American tour, thanks for having me Glendale x",2026-06-17T15:56:44Z,96847,4454,248,PT30S,none
PQgvnB_kxXY,UC0C-w0YjGpqDXGB8IHb662A,Ed Sheeran,Latin America Tour diary is live on my channel now x,2026-06-09T19:55:57Z,76838,3111,138,PT32S,none
yhUTCeZ1cIc,UC0C-w0YjGpqDXGB8IHb662A,Ed Sheeran,Loop Tour Diaries - Latin America (May 2026),2026-06-09T17:17:21Z,150858,4440,907,PT7M14S,none
-sq2GZy_D6E,UC0C-w0YjGpqDXGB8IHb662A,Ed Sheeran,"have loved touring Latin America again after so long. back in December, see you all soon x",2026-06-01T16:39:41Z,166610,5006,203,PT53S,none
_AGZQOfa0So,UC0C-w0YjGpqDXGB8IHb662A,Ed Sheeran,big night in Guatemala City. thanks for coming everyone x,2026-05-29T20:00:11Z,104765,4229,199,PT39S,none
kwDpOBEStIM,UC0C-w0YjGpqDXGB8IHb662A,Ed Sheeran,"Me and @MartinGarrix B2B live now. One of my favourite moments on stage ever, go check it out x",2026-05-23T20:07:26Z,123569,5192,189,PT57S,none
gxctgdWaIBM,UC0C-w0YjGpqDXGB8IHb662A,Ed Sheeran,Repeat It music video out now. Loads of love everyone x,2026-05-18T20:12:16Z,92377,4762,279,PT37S,none
xIC7i6ICebE,UC0C-w0YjGpqDXGB8IHb662A,Ed Sheeran,It’s gonna be fun playing this all summer. Repeat it out now x,2026-05-17T00:00:39Z,168634,6936,247,PT59S,none
fx4oGdI4C7A,UC0C-w0YjGpqDXGB8IHb662A,Ed Sheeran,Played Puerto Rico last night. Thank you so much @DaddyYankee for coming down !,2026-05-14T15:15:37Z,165409,5681,209,PT1M,none
vhWWYT1cyuc,UC0C-w0YjGpqDXGB8IHb662A,Ed Sheeran,"loop tour’s back, first stop was Santo Domingo x",2026-05-13T14:15:05Z,176542,5653,207,PT22S,none
PnDTh-sbFVU,UC0C-w0YjGpqDXGB8IHb662A,Ed Sheeran,I told Martin if I get 3 pencils in we can release Repeat it for his birthday,2026-05-12T15:43:48Z,1027018,20788,394,PT16S,none
O3IH-XqkFwI,UC0C-w0YjGpqDXGB8IHb662A,Ed Sheeran,Loop Tour Starts again this weekend. See you soon Latin America x,2026-05-07T17:14:07Z,228320,6091,166,PT26S,none
teuX_DthRRc,UC0C-w0YjGpqDXGB8IHb662A,Ed Sheeran,you guys requested Supermarket Flowers x,2026-04-27T12:08:58Z,153168,5710,267,PT35S,none
aFTpJeaozZg,UC0C-w0YjGpqDXGB8IHb662A,Ed Sheeran,a Mexican Wave during Tenerife Sea x,2026-04-17T16:46:27Z,258315,6995,235,PT31S,none
mHDSz0h25lY,UC0C-w0YjGpqDXGB8IHb662A,Ed Sheeran,Loop Tour down under! full tour diary live on my channel now x,2026-04-09T22:20:07Z,207588,5117,163,PT30S,none
rFSiI_Znz5w,UC0C-w0YjGpqDXGB8IHb662A,Ed Sheeran,Loop Tour Diaries - Australia & New Zealand 2026,2026-04-09T22:01:00Z,257348,4797,672,PT3M58S,none
lrYzCPWSY7A,UC0C-w0YjGpqDXGB8IHb662A,Ed Sheeran,Bad habits in Adelaide x,2026-03-16T12:53:44Z,284978,8485,330,PT29S,none
tlS0009HZVw,UC0C-w0YjGpqDXGB8IHb662A,Ed Sheeran,Kicked of the loop tour in Aus and NZ. See you soon Latin America x,2026-03-11T19:40:57Z,307966,8193,275,PT15S,none
X2ovY-eLycw,UC0C-w0YjGpqDXGB8IHb662A,Ed Sheeran,who doesn’t want Thor to tuck them in at night,2026-02-27T11:36:30Z,297758,7831,278,PT8S,none
KoGJluMfRPw,UC0C-w0YjGpqDXGB8IHb662A,Ed Sheeran,Thank you Brisbane x,2026-02-26T15:51:19Z,239551,6975,223,PT52S,none
V-1NbxnRMl4,UC0C-w0YjGpqDXGB8IHb662A,Ed Sheeran,Recreating the comic book cover,2026-02-26T09:46:14Z,877264,13499,227,PT19S,none
ntyJ60ZIGQk,UC0C-w0YjGpqDXGB8IHb662A,Ed Sheeran,There’s a new mayor in town,2026-02-20T12:13:26Z,364382,8780,259,PT28S,none
yComZM2C_UI,UC0C-w0YjGpqDXGB8IHb662A,Ed Sheeran,Playing a throwback in Sydney x,2026-02-18T17:06:39Z,328049,9041,277,PT30S,none
ZFTdJ0lLbcU,UC0C-w0YjGpqDXGB8IHb662A,Ed Sheeran,"the Loop tour is well under way down under, loving being back x",2026-02-02T11:52:24Z,896729,18352,539,PT25S,none
ZntIATLOlc4,UC0C-w0YjGpqDXGB8IHb662A,Ed Sheeran,Rehearsing Grade 8 for a Loop Tour song request in Wellington x,2026-01-29T12:10:25Z,557950,15170,346,PT48S,none
55shmUx6Z4w,UC0C-w0YjGpqDXGB8IHb662A,Ed Sheeran,"Billions Club Live, out now on @Spotify x",2026-01-24T21:03:39Z,161092,4701,205,PT40S,none
qYf3GSfQNHQ,UC0C-w0YjGpqDXGB8IHb662A,Ed Sheeran,"Thinking Out Loud for Billions Club in Dublin, watch now on @Spotify x",2026-01-23T21:03:27Z,228257,6145,217,PT34S,none
HAvnZEY3zvQ,UC0C-w0YjGpqDXGB8IHb662A,Ed Sheeran,Billions Club Live from Dublin is out now on Spotify x,2026-01-22T16:02:26Z,349964,8482,244,PT32S,none
hxm67bJOLdY,UC0C-w0YjGpqDXGB8IHb662A,Ed Sheeran,Mathematics tour wrap up. thank you to everyone for an amazing 3.5 years. Full vid on my YouTube x,2025-12-28T16:31:52Z,307725,7302,263,PT52S,none
WEIiNZ5w0PQ,UC0C-w0YjGpqDXGB8IHb662A,Ed Sheeran,Ed Sheeran – The Mathematics Tour (2022–2025) | Wrap Up,2025-12-28T16:00:57Z,713123,10593,789,PT3M41S,none
vg6j-vt5lKw,UC0C-w0YjGpqDXGB8IHb662A,Ed Sheeran,"Me and @WheatusOfficial played a Christmas carols show, raising money for @BoweryMission x",2025-12-24T18:03:43Z,245044,6221,286,PT48S,none
PBSRzqHMb54,UC0C-w0YjGpqDXGB8IHb662A,Ed Sheeran,Skeletons studio BTS x,2025-12-10T20:09:48Z,341546,9363,262,PT32S,none
Oz3v8-U4-GQ,UC0C-w0YjGpqDXGB8IHb662A,Ed Sheeran,its that time of year again @beogamusic,2025-12-09T16:30:47Z,437641,12919,389,PT55S,none
x-HCaGvU3Qk,UC0C-w0YjGpqDXGB8IHb662A,Ed Sheeran,Ed Sheeran - Technicolour [Lyric Video],2025-11-28T05:01:24Z,418312,6730,598,PT2M19S,none
vcm5IlZW3dY,UC0C-w0YjGpqDXGB8IHb662A,Ed Sheeran,Ed Sheeran - Satellite [Lyric Video],2025-11-28T05:01:20Z,244414,4697,353,PT2M39S,none
YkbXbyJ99EE,UC0C-w0YjGpqDXGB8IHb662A,Ed Sheeran,Ed Sheeran - I Don't Wanna Go To Bed [Lyric Video],2025-11-28T05:00:45Z,305140,6237,347,PT2M25S,none
WbqG5vNNtLY,UC0C-w0YjGpqDXGB8IHb662A,Ed Sheeran,Ed Sheeran - Skeletons [Lyric Video],2025-11-28T05:00:41Z,616991,6641,296,PT2M41S,none
OkbFCXUWdZM,UC0C-w0YjGpqDXGB8IHb662A,Ed Sheeran,Ed Sheeran - Lights Out [Lyric Video],2025-11-28T05:00:34Z,167571,3235,162,PT3M15S,none
DwyTzloYoqo,UC0C-w0YjGpqDXGB8IHb662A,Ed Sheeran,Ed Sheeran - Spiral [Lyric Video],2025-11-28T05:00:16Z,168262,4136,210,PT3M16S,none
BEhZdSd3jqI,UC0C-w0YjGpqDXGB8IHb662A,Ed Sheeran,Ed Sheeran - Rapture [Lyric Video],2025-11-28T05:00:14Z,128622,3845,185,PT3M24S,none
3m2eBkcJLRc,UC0C-w0YjGpqDXGB8IHb662A,Ed Sheeran,Ed Sheeran - Fade Out [Lyric Video],2025-11-28T05:00:06Z,143148,3244,165,PT2M45S,none
CD4FrielVVM,UC0C-w0YjGpqDXGB8IHb662A,Ed Sheeran,Ed Sheeran  - Crashing [Lyric Video],2025-11-27T05:00:23Z,305451,10482,677,PT4M9S,none
SoNFgC3eQ5g,UC0C-w0YjGpqDXGB8IHb662A,Ed Sheeran,Go check out The Making of One Shot on @stillwatchingnetflix now x,2025-11-21T20:50:10Z,221524,6285,187,PT57S,none
S0P05w6uNUo,UC0C-w0YjGpqDXGB8IHb662A,Ed Sheeran,Nuthin but Net,2025-11-21T18:16:37Z,291467,7740,267,PT15S,none
SvNmBoSba7Q,UC0C-w0YjGpqDXGB8IHb662A,Ed Sheeran,By far the best thing i've been involved with in my career. One Shot on @Netflix out now,2025-11-21T08:43:57Z,802343,27757,566,PT59S,none
ajXrjOJg47w,UC0C-w0YjGpqDXGB8IHb662A,Ed Sheeran,Camera feat. @flamescollective⁩ on ⁨@OfficialGrahamNorton⁩ x,2025-11-10T18:20:48Z,296980,7683,261,PT40S,none
TkV4pXdJjf4,UC0C-w0YjGpqDXGB8IHb662A,Ed Sheeran,Ed Sheeran - Camera feat. Flames Collective [Live from the Graham Norton Show],2025-11-08T00:00:39Z,2036145,8728,561,PT3M38S,none
6zuNGCr12-0,UC0C-w0YjGpqDXGB8IHb662A,Ed Sheeran,behind the scenes for the Camera music video is up on my channel now. enjoy x,2025-10-29T15:34:59Z,321894,8498,234,PT27S,none
Mcgcw5Wo1bM,UC0C-w0YjGpqDXGB8IHb662A,Ed Sheeran,Ed Sheeran - Camera (Official Behind The Scenes),2025-10-29T15:00:45Z,143198,4146,237,PT3M32S,none
C9f8J31gAF4,UC0C-w0YjGpqDXGB8IHb662A,Ed Sheeran,The Vow for Amazon Songline. Check out the full performance on ​⁠@amazonmusic  & @PrimeVideo x,2025-10-24T14:21:35Z,353530,8497,210,PT30S,none
pJeCx_P8Kxw,UC0C-w0YjGpqDXGB8IHb662A,Ed Sheeran,Ed Sheeran - The Vow (Amazon Music Songline),2025-10-24T14:01:27Z,430237,8090,454,PT3M34S,none
kFqUwZyx8i8,UC0C-w0YjGpqDXGB8IHb662A,Ed Sheeran,Symmetry featuring @KaranAujlaOfficial out now. We got the lads from @TheQuickStyle in the video,2025-10-20T18:03:47Z,495950,12139,205,PT20S,none
BmH2B5Zm5Gs,UC0C-w0YjGpqDXGB8IHb662A,Ed Sheeran,"The Play Remixes EP is out now, ive loved this collaboration process so much, I hope you enjoy it x",2025-10-17T04:14:00Z,248081,7885,209,PT51S,none
32sPcsb9ClQ,UC0C-w0YjGpqDXGB8IHb662A,Ed Sheeran,Ed Sheeran - Symmetry feat. Karan Aujla (Official Music Video),2025-10-17T04:00:07Z,16732061,203030,7303,PT3M14S,none
sr63J3DiS9o,UC0C-w0YjGpqDXGB8IHb662A,Ed Sheeran,"Ed Sheeran - Don't Look Down (feat. Hanumankind, Dhee, Santhosh Narayanan) - Remix [Lyric Video]",2025-10-16T23:01:05Z,1395998,55931,1979,PT4M44S,none
5yhgAq-xnRM,UC0C-w0YjGpqDXGB8IHb662A,Ed Sheeran,Ed Sheeran - Heaven (feat. Jonita) - Remix [Lyric Video],2025-10-16T23:00:06Z,526053,11069,379,PT4M3S,none
Quu7Kajlwqc,UC0C-w0YjGpqDXGB8IHb662A,Ed Sheeran,Symmetry featuring @KaranAujlaOfficial  video and song out Friday with the Play Remixes EP x,2025-10-15T15:21:30Z,403285,10014,176,PT19S,none
Y8If1soIfxs,UC0C-w0YjGpqDXGB8IHb662A,Ed Sheeran,Symmetry featuring @KaranAujlaOfficial out Friday x,2025-10-13T15:28:11Z,3837142,75365,487,PT19S,none
THd-7eGSiBA,UC0C-w0YjGpqDXGB8IHb662A,Ed Sheeran,Full Songline album and film are out now on Amazon & Prime Video x,2025-10-10T14:50:29Z,383020,9478,205,PT30S,none
u8c7lSWJSi8,UC0C-w0YjGpqDXGB8IHb662A,Ed Sheeran,Ed Sheeran - Sapphire (Amazon Music Songline),2025-10-10T14:01:34Z,717442,11289,470,PT3M59S,none
1ODOqdJu5tE,UC0C-w0YjGpqDXGB8IHb662A,Ed Sheeran,Ed Sheeran & Saman Kesh on Azizam (Director's Commentary),2025-10-09T16:00:04Z,80437,2276,147,PT4M49S,none
nKXuv5xnxaI,UC0C-w0YjGpqDXGB8IHb662A,Ed Sheeran,Ed Sheeran - Amazon Music Songline (Trailer),2025-10-08T20:07:45Z,481122,2902,147,PT30S,none
Z9amhpNNcRM,UC0C-w0YjGpqDXGB8IHb662A,Ed Sheeran,Played a secret show with @meganmoroney tonight at @KidSuper in Brooklyn x,2025-10-07T15:10:54Z,200589,5651,138,PT42S,none
tsy5VvgryxI,UC0C-w0YjGpqDXGB8IHb662A,Ed Sheeran,"Filmed this at the @KidSuper pop up, enjoy x",2025-10-03T15:36:14Z,233044,7602,296,PT1M,none
I2ibMq0asZA,UC0C-w0YjGpqDXGB8IHb662A,Ed Sheeran,Ed Sheeran - Camera (KidSuper Studios Presents: Blank Canvas),2025-10-03T15:00:25Z,543972,8359,466,PT4M15S,none
mM2nGuvFPI4,UC0C-w0YjGpqDXGB8IHb662A,Ed Sheeran,Shot this whilst shooting the music vid x,2025-09-25T16:31:36Z,570573,22416,638,PT1M,none
pZ1fwahvcaY,UC0C-w0YjGpqDXGB8IHb662A,Ed Sheeran,Here’s me playing Symmetry on a rooftop in Old Delhi. Full vid on my channel x,2025-09-23T15:07:24Z,254122,8344,241,PT49S,none
B4IY8Vqr9Gs,UC0C-w0YjGpqDXGB8IHb662A,Ed Sheeran,Ed Sheeran - Symmetry (Looper Performance Live from Old Delhi),2025-09-23T15:00:27Z,682328,14163,754,PT3M24S,none
FOOiWOd64Gc,UC0C-w0YjGpqDXGB8IHb662A,Ed Sheeran,iPad kid 4eva,2025-09-22T14:02:18Z,597863,17400,306,PT11S,none
Fr0spwu2o70,UC0C-w0YjGpqDXGB8IHb662A,Ed Sheeran,Camera for ‪@nprmusic Tiny Desk x,2025-09-18T21:34:25Z,278059,7388,176,PT1M,none
DYTNxvZBhxE,UC0C-w0YjGpqDXGB8IHb662A,Ed Sheeran,"Coming to North America for the Loop tour. New stage, new tricks. All info on my website x",2025-09-18T12:15:16Z,317030,11491,351,PT35S,none
h3E8T_VyBuw,UC0C-w0YjGpqDXGB8IHb662A,Ed Sheeran,Singing Camera with the amazing @flamescollective,2025-09-16T17:22:06Z,466521,14232,317,PT42S,none
uUMJ2fZUETs,UC0C-w0YjGpqDXGB8IHb662A,Ed Sheeran,Camera for ​⁠@amazonmusic Songline x,2025-09-15T17:53:35Z,293061,9507,165,PT41S,none
-hZH84Ajv2w,UC0C-w0YjGpqDXGB8IHb662A,Ed Sheeran,Ed Sheeran - Camera (Amazon Music Songline),2025-09-15T17:30:00Z,4966175,12972,694,PT3M30S,none
wzH3MHmIWvU,UC0C-w0YjGpqDXGB8IHb662A,Ed Sheeran,Ed Sheeran - Freedom [Lyric Video],2025-09-12T13:31:04Z,543289,9384,492,PT3M57S,none
tcJe02LBBns,UC0C-w0YjGpqDXGB8IHb662A,Ed Sheeran,Ed Sheeran - Heaven [Lyric Video],2025-09-12T13:31:00Z,1027895,11542,468,PT4M3S,none
5fspuy3L7Ag,UCIwFjwMjI0y7PDBVEO9-bkQ,Justin Bieber,Justin Bieber - LIVE FROM COACHELLA (Weekend II) Full Set,2026-07-03T16:00:47Z,8716583,90240,3808,PT1H39M45S,none
PmlhlaCvD58,UCIwFjwMjI0y7PDBVEO9-bkQ,Justin Bieber,Justin Bieber - DOTTED LINE (LIVE FROM COACHELLA (Weekend II) / Audio),2026-07-03T04:00:37Z,364626,3675,211,PT2M44S,none
ckv5D_ounm4,UCIwFjwMjI0y7PDBVEO9-bkQ,Justin Bieber,Justin Bieber - ALL I CAN TAKE (LIVE FROM COACHELLA (Weekend II) / Audio),2026-07-03T04:00:36Z,217721,3259,223,PT3M40S,none
gXExN_mSm_Y,UCIwFjwMjI0y7PDBVEO9-bkQ,Justin Bieber,Justin Bieber - GLORY VOICE MEMO (LIVE FROM COACHELLA (Weekend II) / Audio),2026-07-03T04:00:36Z,61149,1163,106,PT1M34S,none
W4V3kp1RBKw,UCIwFjwMjI0y7PDBVEO9-bkQ,Justin Bieber,Justin Bieber - ALL THE WAY (LIVE FROM COACHELLA (Weekend II) / Audio),2026-07-03T04:00:35Z,111067,1611,116,PT2M46S,none
G-zLQdRs7GY,UCIwFjwMjI0y7PDBVEO9-bkQ,Justin Bieber,Justin Bieber - YUKON (LIVE FROM COACHELLA (Weekend II) / Audio),2026-07-03T04:00:34Z,147214,2555,156,PT2M50S,none
hnQgHIgQqZM,UCIwFjwMjI0y7PDBVEO9-bkQ,Justin Bieber,Justin Bieber - SPEED DEMON (LIVE FROM COACHELLA (Weekend II) / Audio),2026-07-03T04:00:33Z,134595,1985,119,PT3M31S,none
vTkyi4Btck0,UCIwFjwMjI0y7PDBVEO9-bkQ,Justin Bieber,Justin Bieber - ZUMA HOUSE (LIVE FROM COACHELLA (Weekend II) / Audio),2026-07-03T04:00:29Z,41910,787,45,PT1M39S,none
J_PvrEuOK8Y,UCIwFjwMjI0y7PDBVEO9-bkQ,Justin Bieber,"Justin Bieber, Sexyy Red - SWEET SPOT (LIVE FROM COACHELLA (Weekend II) / Audio)",2026-07-03T04:00:25Z,42438,837,60,PT3M20S,none
cbTwSwCQt9w,UCIwFjwMjI0y7PDBVEO9-bkQ,Justin Bieber,"Justin Bieber, Dijon - DEVOTION (LIVE FROM COACHELLA (Weekend II) / Audio)",2026-07-03T04:00:22Z,43393,765,48,PT3M45S,none
7ynapSrb4PM,UCIwFjwMjI0y7PDBVEO9-bkQ,Justin Bieber,Justin Bieber - GO BABY (LIVE FROM COACHELLA (Weekend II) / Audio),2026-07-03T04:00:19Z,140321,1535,88,PT3M19S,none
aS9vBU52KCo,UCIwFjwMjI0y7PDBVEO9-bkQ,Justin Bieber,Justin Bieber - BUTTERFLIES (LIVE FROM COACHELLA (Weekend II) / Audio),2026-07-03T04:00:19Z,58440,874,63,PT3M10S,none
lHwBYK7cxrw,UCIwFjwMjI0y7PDBVEO9-bkQ,Justin Bieber,Justin Bieber - I DO (LIVE FROM COACHELLA (Weekend II) / Audio),2026-07-03T04:00:16Z,53324,1020,59,PT2M31S,none
Z3KKdbT_CtU,UCIwFjwMjI0y7PDBVEO9-bkQ,Justin Bieber,Justin Bieber - PETTING ZOO (LIVE FROM COACHELLA (Weekend II) / Audio),2026-07-03T04:00:15Z,30568,1014,73,PT1M18S,none
yOoAaSWLAf8,UCIwFjwMjI0y7PDBVEO9-bkQ,Justin Bieber,Justin Bieber - LYIN' (LIVE FROM COACHELLA (Weekend II) / Audio),2026-07-03T04:00:15Z,39059,851,53,PT2M44S,none
SMXYtW7ZrVA,UCIwFjwMjI0y7PDBVEO9-bkQ,Justin Bieber,Justin Bieber - TOO LONG (LIVE FROM COACHELLA (Weekend II) / Audio),2026-07-03T04:00:10Z,25386,824,47,PT1M50S,none
q4zJSU-EUfQ,UCIwFjwMjI0y7PDBVEO9-bkQ,Justin Bieber,Justin Bieber - DAISIES (LIVE FROM COACHELLA (Weekend II) / Audio),2026-07-03T04:00:09Z,283986,3303,138,PT4M20S,none
0WukpiQ9AmM,UCIwFjwMjI0y7PDBVEO9-bkQ,Justin Bieber,Justin Bieber - WALKING AWAY (LIVE FROM COACHELLA (Weekend II) / Audio),2026-07-03T04:00:08Z,144540,1615,102,PT4M10S,none
-fgpob2RSf4,UCIwFjwMjI0y7PDBVEO9-bkQ,Justin Bieber,Justin Bieber - 405 (LIVE FROM COACHELLA (Weekend II) / Audio),2026-07-03T04:00:04Z,20807,742,62,PT2M38S,none
xzGJB0FD_Ro,UCIwFjwMjI0y7PDBVEO9-bkQ,Justin Bieber,"Justin Bieber, SZA - SNOOZE (LIVE FROM COACHELLA (Weekend II) / Audio)",2026-07-03T04:00:04Z,110584,3110,166,PT3M46S,none
1otMj8tSOFQ,UCIwFjwMjI0y7PDBVEO9-bkQ,Justin Bieber,Justin Bieber - THINGS YOU DO (LIVE FROM COACHELLA (Weekend II) / Audio),2026-07-03T04:00:03Z,46460,1569,134,PT1M49S,none
UNZHWquakrA,UCIwFjwMjI0y7PDBVEO9-bkQ,Justin Bieber,Justin Bieber - EVERYTHING HALLELUJAH (LIVE FROM COACHELLA (Weekend II) / Audio),2026-07-03T04:00:03Z,225951,3619,229,PT4M28S,none
Z0R0iKIcteA,UCIwFjwMjI0y7PDBVEO9-bkQ,Justin Bieber,Justin Bieber - FIRST PLACE (LIVE FROM COACHELLA (Weekend II) / Audio),2026-07-03T04:00:01Z,47325,1553,132,PT3M28S,none
D0_Q0i25x98,UCIwFjwMjI0y7PDBVEO9-bkQ,Justin Bieber,Justin Bieber - MOTHER IN YOU (LIVE FROM COACHELLA (Weekend II) / Audio),2026-07-03T04:00:00Z,79348,2033,145,PT3M39S,none
f_iCC1D0DT8,UCIwFjwMjI0y7PDBVEO9-bkQ,Justin Bieber,Justin Bieber - LIVE FROM COACHELLA (Weekend I) Full Set,2026-06-27T00:29:33Z,10105668,215826,5723,PT1H28M15S,none
xycvzarnS3I,UCIwFjwMjI0y7PDBVEO9-bkQ,Justin Bieber,Justin Bieber - 405 (LIVE FROM COACHELLA (Weekend I) / Audio),2026-06-26T04:00:36Z,100683,3001,290,PT2M38S,none
bjULIqIAeak,UCIwFjwMjI0y7PDBVEO9-bkQ,Justin Bieber,"Justin Bieber, The Kid LAROI - STAY (LIVE FROM COACHELLA (Weekend I) / Audio)",2026-06-26T04:00:35Z,349815,10145,512,PT2M32S,none
tB99hNZieIc,UCIwFjwMjI0y7PDBVEO9-bkQ,Justin Bieber,Justin Bieber - I DO (LIVE FROM COACHELLA (Weekend I) / Audio),2026-06-26T04:00:35Z,78169,2257,169,PT2M25S,none
uj3m4U7-Ik4,UCIwFjwMjI0y7PDBVEO9-bkQ,Justin Bieber,"Justin Bieber, Dijon - DEVOTION (LIVE FROM COACHELLA (Weekend I) / Audio)",2026-06-26T04:00:33Z,61202,1642,123,PT3M39S,none
zvJ9aOiexxo,UCIwFjwMjI0y7PDBVEO9-bkQ,Justin Bieber,Justin Bieber - ALL THE WAY (LIVE FROM COACHELLA (Weekend I) / Audio),2026-06-26T04:00:32Z,61896,1793,143,PT1M41S,none
NijRCaXeVbM,UCIwFjwMjI0y7PDBVEO9-bkQ,Justin Bieber,Justin Bieber - PETTING ZOO (LIVE FROM COACHELLA (Weekend I) / Audio),2026-06-26T04:00:30Z,42934,1667,134,PT1M18S,none
ZEwKVt2hEG0,UCIwFjwMjI0y7PDBVEO9-bkQ,Justin Bieber,Justin Bieber - SPEED DEMON (LIVE FROM COACHELLA (Weekend I) / Audio),2026-06-26T04:00:28Z,202968,3797,237,PT3M32S,none
i5-LtfqANHk,UCIwFjwMjI0y7PDBVEO9-bkQ,Justin Bieber,Justin Bieber - ALL I CAN TAKE (LIVE FROM COACHELLA (Weekend I) / Audio),2026-06-26T04:00:22Z,162798,3636,265,PT3M53S,none
_J4Us6Zr4Ck,UCIwFjwMjI0y7PDBVEO9-bkQ,Justin Bieber,"Justin Bieber, Wizkid, Tems - ESSENCE (LIVE FROM COACHELLA (Weekend I) / Audio)",2026-06-26T04:00:14Z,95589,3506,262,PT4M13S,none
Ojx-q2dD0kE,UCIwFjwMjI0y7PDBVEO9-bkQ,Justin Bieber,Justin Bieber - YUKON (LIVE FROM COACHELLA (Weekend I) / Audio),2026-06-26T04:00:12Z,325292,5611,273,PT2M55S,none
wu_6MbRRvFY,UCIwFjwMjI0y7PDBVEO9-bkQ,Justin Bieber,Justin Bieber - DOTTED LINE (LIVE FROM COACHELLA (Weekend I) / Audio),2026-06-26T04:00:10Z,53142,1413,94,PT2M40S,none
-cVnPNI6c6k,UCIwFjwMjI0y7PDBVEO9-bkQ,Justin Bieber,Justin Bieber - THINGS YOU DO (LIVE FROM COACHELLA (Weekend I) / Audio),2026-06-26T04:00:09Z,139869,1956,109,PT2M18S,none
zdkbad6FCVk,UCIwFjwMjI0y7PDBVEO9-bkQ,Justin Bieber,Justin Bieber - BUTTERFLIES (LIVE FROM COACHELLA (Weekend I) / Audio),2026-06-26T04:00:09Z,125193,1802,98,PT3M4S,none
GuOt7iANSO4,UCIwFjwMjI0y7PDBVEO9-bkQ,Justin Bieber,Justin Bieber - EVERYTHING HALLELUJAH (LIVE FROM COACHELLA (Weekend I) / Audio),2026-06-26T04:00:07Z,264604,4239,255,PT4M36S,none
PJfQvj1xu_E,UCIwFjwMjI0y7PDBVEO9-bkQ,Justin Bieber,Justin Bieber - WALKING AWAY (LIVE FROM COACHELLA (Weekend I) / Audio),2026-06-26T04:00:07Z,196060,3352,180,PT3M56S,none
qbkWB0oM3ZI,UCIwFjwMjI0y7PDBVEO9-bkQ,Justin Bieber,Justin Bieber - TOO LONG (LIVE FROM COACHELLA (Weekend I) / Audio),2026-06-26T04:00:07Z,82558,1596,95,PT1M25S,none
66juKHjLCPY,UCIwFjwMjI0y7PDBVEO9-bkQ,Justin Bieber,"Justin Bieber, Mk.gee - DAISIES (LIVE FROM COACHELLA (Weekend I) / Audio)",2026-06-26T04:00:06Z,607897,10530,599,PT4M19S,none
mxHgs0BaTHs,UCIwFjwMjI0y7PDBVEO9-bkQ,Justin Bieber,Justin Bieber - GLORY VOICE MEMO (LIVE FROM COACHELLA (Weekend I) / Audio),2026-06-26T04:00:04Z,84338,1787,113,PT1M31S,none
62JRb2YjPpU,UCIwFjwMjI0y7PDBVEO9-bkQ,Justin Bieber,"Justin Bieber, Tems - I THINK YOU'RE SPECIAL (LIVE FROM COACHELLA (Weekend I) / Audio)",2026-06-26T04:00:03Z,51471,1501,91,PT2M56S,none
Z_QZ4DdA-l4,UCIwFjwMjI0y7PDBVEO9-bkQ,Justin Bieber,Justin Bieber - ZUMA HOUSE (LIVE FROM COACHELLA (Weekend I) / Audio),2026-06-26T04:00:02Z,57833,1402,96,PT1M52S,none
A8ZMzNIAEWc,UCIwFjwMjI0y7PDBVEO9-bkQ,Justin Bieber,Justin Bieber - GO BABY (LIVE FROM COACHELLA (Weekend I) / Audio),2026-06-26T04:00:01Z,187110,5009,386,PT3M20S,none
vpPoziVQB7A,UCIwFjwMjI0y7PDBVEO9-bkQ,Justin Bieber,Justin Bieber - FIRST PLACE (LIVE FROM COACHELLA (Weekend I) / Audio),2026-06-26T04:00:01Z,75471,3172,266,PT3M23S,none
iLF0ZNdhNM0,UCIwFjwMjI0y7PDBVEO9-bkQ,Justin Bieber,Justin Bieber - YUKON (Live From The 68th Grammy Awards / 2026),2026-04-16T22:39:31Z,14811781,203624,7650,PT5M9S,none
euBEwEENOr0,UCIwFjwMjI0y7PDBVEO9-bkQ,Justin Bieber,Justin Bieber - BAD HONEY,2025-10-07T14:01:06Z,13711004,152881,8502,PT2M37S,none
4WcD2ncHMVs,UCIwFjwMjI0y7PDBVEO9-bkQ,Justin Bieber,Justin Bieber - SPEED DEMON,2025-09-22T05:16:16Z,28574740,259838,14099,PT3M31S,none
pSH9Ji8-pjI,UCIwFjwMjI0y7PDBVEO9-bkQ,Justin Bieber,"Justin Bieber, Bakar - DON'T WANNA (Audio)",2025-09-05T13:42:39Z,2948108,14440,725,PT2M46S,none
u-NC-8sgTd4,UCIwFjwMjI0y7PDBVEO9-bkQ,Justin Bieber,"Justin Bieber, Tems - I THINK YOU'RE SPECIAL (Audio)",2025-09-05T13:42:39Z,6470002,48686,1814,PT2M46S,none
uWX7Tt5yQXo,UCIwFjwMjI0y7PDBVEO9-bkQ,Justin Bieber,Justin Bieber - EYE CANDY (Audio),2025-09-05T13:42:39Z,3392221,26321,1595,PT3M58S,none
BEsAhEAjC8Y,UCIwFjwMjI0y7PDBVEO9-bkQ,Justin Bieber,Justin Bieber - LOVE SONG (Audio),2025-09-05T13:42:37Z,4797242,25644,1055,PT2M53S,none
JBDiQfJQ9OQ,UCIwFjwMjI0y7PDBVEO9-bkQ,Justin Bieber,"Justin Bieber, Hurricane Chris - POPPIN’ MY S*** (Audio)",2025-09-05T13:42:37Z,2137492,19294,722,PT2M7S,none
NRYNqFi4Cj4,UCIwFjwMjI0y7PDBVEO9-bkQ,Justin Bieber,Justin Bieber - WITCHYA (Audio),2025-09-05T13:42:37Z,3072675,17539,503,PT2M44S,none
Qa9P6DO_NVk,UCIwFjwMjI0y7PDBVEO9-bkQ,Justin Bieber,Justin Bieber - LYIN' (Audio),2025-09-05T13:42:37Z,2185464,10406,263,PT3M7S,none
ULTXmaDQLVk,UCIwFjwMjI0y7PDBVEO9-bkQ,Justin Bieber,Justin Bieber - MOVING FAST (Audio),2025-09-05T13:42:37Z,1882405,8877,291,PT3M22S,none
YSpRD97DpG4,UCIwFjwMjI0y7PDBVEO9-bkQ,Justin Bieber,Justin Bieber - STORY OF GOD (Audio),2025-09-05T13:42:37Z,1504847,21424,1262,PT7M47S,none
cfId7qz939c,UCIwFjwMjI0y7PDBVEO9-bkQ,Justin Bieber,Justin Bieber - NEED IT (Audio),2025-09-05T13:42:37Z,2831591,18256,660,PT3M40S,none
gFEj54TF_fc,UCIwFjwMjI0y7PDBVEO9-bkQ,Justin Bieber,Justin Bieber - I DO (Audio),2025-09-05T13:42:37Z,5360208,33251,1179,PT3M44S,none
oIhrJRuBFt8,UCIwFjwMjI0y7PDBVEO9-bkQ,Justin Bieber,"Justin Bieber, Eddie Benjamin - OPEN UP YOUR HEART (Audio)",2025-09-05T13:42:37Z,2221432,12064,543,PT3M35S,none
pOyhJ5M5wPw,UCIwFjwMjI0y7PDBVEO9-bkQ,Justin Bieber,"Justin Bieber, Lil B - SAFE SPACE (Audio)",2025-09-05T13:42:37Z,1889041,9938,465,PT3M15S,none
8NzcDH8shew,UCIwFjwMjI0y7PDBVEO9-bkQ,Justin Bieber,Justin Bieber - MOTHER IN YOU (Audio),2025-09-05T13:42:36Z,3670601,26560,929,PT3M26S,none
-2v1RYSZDu0,UCIwFjwMjI0y7PDBVEO9-bkQ,Justin Bieber,Justin Bieber - ALL THE WAY (Audio),2025-09-05T13:42:32Z,4713949,20380,731,PT3M22S,none
44LtpCQfDxA,UCIwFjwMjI0y7PDBVEO9-bkQ,Justin Bieber,Justin Bieber - OH MAN (Audio),2025-09-05T13:42:32Z,3095905,15571,860,PT3M13S,none
4OMWu62Ysu4,UCIwFjwMjI0y7PDBVEO9-bkQ,Justin Bieber,Justin Bieber - PETTING ZOO (Audio),2025-09-05T13:42:32Z,2780960,18282,668,PT3M17S,none
59zOyvgtZRM,UCIwFjwMjI0y7PDBVEO9-bkQ,Justin Bieber,Justin Bieber - BAD HONEY (Audio),2025-09-05T13:42:32Z,2213180,11868,402,PT2M37S,none
5wtW1O9u6AI,UCIwFjwMjI0y7PDBVEO9-bkQ,Justin Bieber,Justin Bieber - WHEN IT'S OVER (Audio),2025-09-05T13:42:32Z,2173971,7079,240,PT2M35S,none
7h9a_0opSIQ,UCIwFjwMjI0y7PDBVEO9-bkQ,Justin Bieber,Justin Bieber - SPEED DEMON (Audio),2025-09-05T13:42:32Z,6027387,58458,2709,PT3M32S,none
8ASA0XZDpno,UCIwFjwMjI0y7PDBVEO9-bkQ,Justin Bieber,Justin Bieber - DOTTED LINE (Audio),2025-09-05T13:42:32Z,2069421,6939,219,PT2M28S,none
8lxMKZVChvE,UCIwFjwMjI0y7PDBVEO9-bkQ,Justin Bieber,Justin Bieber - EVERYTHING HALLELUJAH (Audio),2025-09-05T13:42:32Z,8054775,66754,2067,PT4M9S,none
9q4919iDb9Y,UCIwFjwMjI0y7PDBVEO9-bkQ,Justin Bieber,Justin Bieber - BETTER MAN (Audio),2025-09-05T13:42:32Z,4474451,29998,1470,PT2M49S,none
EGKfSUDAiFg,UCIwFjwMjI0y7PDBVEO9-bkQ,Justin Bieber,Justin Bieber - FIRST PLACE,2025-08-13T18:00:41Z,10710894,171832,8246,PT3M21S,none
fXivMSJm_kA,UCIwFjwMjI0y7PDBVEO9-bkQ,Justin Bieber,Justin Bieber - YUKON,2025-08-05T19:46:16Z,78010720,637845,21652,PT3M3S,none
wiV8lwhv8tc,UCIwFjwMjI0y7PDBVEO9-bkQ,Justin Bieber,"Justin Bieber, Sexyy Red - SWEET SPOT (Audio)",2025-07-11T04:23:55Z,3808526,72595,5992,PT3M6S,none
SpbDwr7HZdw,UCIwFjwMjI0y7PDBVEO9-bkQ,Justin Bieber,"Justin Bieber, Dijon - DEVOTION (Audio)",2025-07-11T04:23:53Z,4467952,61243,2581,PT3M55S,none
ZYwUJj732Nk,UCIwFjwMjI0y7PDBVEO9-bkQ,Justin Bieber,"Justin Bieber, Druski - THERAPY SESSION (Audio)",2025-07-11T04:23:53Z,2712148,17898,844,PT1M19S,none
cfhRITCzKGE,UCIwFjwMjI0y7PDBVEO9-bkQ,Justin Bieber,Justin Bieber - GO BABY (Audio),2025-07-11T04:23:53Z,18691816,211221,6921,PT3M15S,none
msGuqelopMA,UCIwFjwMjI0y7PDBVEO9-bkQ,Justin Bieber,Justin Bieber - DAISIES (Audio),2025-07-11T04:23:53Z,80283320,413713,13397,PT2M57S,none
nSW1KpuB4C0,UCIwFjwMjI0y7PDBVEO9-bkQ,Justin Bieber,"Justin Bieber, Lil B - DADZ LOVE (Audio)",2025-07-11T04:23:53Z,2292033,30489,1516,PT2M26S,none
ncX3ue51GFg,UCIwFjwMjI0y7PDBVEO9-bkQ,Justin Bieber,Justin Bieber - BUTTERFLIES (Audio),2025-07-11T04:23:53Z,3955857,49377,2184,PT3M14S,none
nhK5PPavwaM,UCIwFjwMjI0y7PDBVEO9-bkQ,Justin Bieber,"Justin Bieber, Cash Cobain, Eddie Benjamin - SWAG (Audio)",2025-07-11T04:23:53Z,4395070,97853,5082,PT2M31S,none
ogVL5Hdh8Po,UCIwFjwMjI0y7PDBVEO9-bkQ,Justin Bieber,Justin Bieber - ALL I CAN TAKE (Audio),2025-07-11T04:23:53Z,8124068,96600,5333,PT4M8S,none
rBohw-FLIQY,UCIwFjwMjI0y7PDBVEO9-bkQ,Justin Bieber,Justin Bieber - 405 (Audio),2025-07-11T04:23:53Z,2790042,44195,2141,PT3M33S,none
sbF2O_LOyyQ,UCIwFjwMjI0y7PDBVEO9-bkQ,Justin Bieber,Justin Bieber - WALKING AWAY (Audio),2025-07-11T04:23:53Z,23797094,152475,5796,PT4M4S,none
-VsIU-7cPeQ,UCIwFjwMjI0y7PDBVEO9-bkQ,Justin Bieber,Justin Bieber - THINGS YOU DO (Audio),2025-07-11T04:23:51Z,6228680,67570,3208,PT1M49S,none
27ZV7_fRHiQ,UCIwFjwMjI0y7PDBVEO9-bkQ,Justin Bieber,"Justin Bieber, Gunna - WAY IT IS (Audio)",2025-07-11T04:23:51Z,6731021,82199,4453,PT3M16S,none
2zI5bnPDdm0,UCIwFjwMjI0y7PDBVEO9-bkQ,Justin Bieber,Justin Bieber - ZUMA HOUSE (Audio),2025-07-11T04:23:51Z,2215128,30108,1577,PT1M24S,none
4sQwWK2rsIk,UCIwFjwMjI0y7PDBVEO9-bkQ,Justin Bieber,Justin Bieber - TOO LONG (Audio),2025-07-11T04:23:51Z,5342188,81603,4691,PT3M5S,none
9xAT7u9_30s,UCIwFjwMjI0y7PDBVEO9-bkQ,Justin Bieber,Justin Bieber - FIRST PLACE (Audio),2025-07-11T04:23:51Z,2452042,43465,2113,PT3M21S,none
DjFK4OutMQA,UCIwFjwMjI0y7PDBVEO9-bkQ,Justin Bieber,Justin Bieber - GLORY VOICE MEMO (Audio),2025-07-11T04:23:51Z,2807546,24047,1135,PT1M25S,none
K-6mKuplEQc,UCIwFjwMjI0y7PDBVEO9-bkQ,Justin Bieber,"Justin Bieber, Druski - STANDING ON BUSINESS (Audio)",2025-07-11T04:23:51Z,2390427,26085,1323,PT51S,none
OI6Fbh-g2Zo,UCIwFjwMjI0y7PDBVEO9-bkQ,Justin Bieber,"Justin Bieber, Marvin Winans - FORGIVENESS (Audio)",2025-07-11T04:23:51Z,1845199,55921,4334,PT1M31S,none
PNpsJ--XGOo,UCIwFjwMjI0y7PDBVEO9-bkQ,Justin Bieber,Justin Bieber - YUKON (Audio),2025-07-11T04:23:51Z,11568546,111648,4145,PT2M44S,none
SI5_flpnH-U,UCIwFjwMjI0y7PDBVEO9-bkQ,Justin Bieber,"Justin Bieber, Druski - SOULFUL (Audio)",2025-07-11T04:23:51Z,2523967,19668,1038,PT37S,none
z5AIMF1BjOE,UCIwFjwMjI0y7PDBVEO9-bkQ,Justin Bieber,Drew House TOKYO #shorts,2022-11-21T16:29:07Z,3154664,55225,5433,PT42S,none
_lpSCOZ1PCo,UCIwFjwMjI0y7PDBVEO9-bkQ,Justin Bieber,Justin Bieber X Free Fire - Beautiful Love (Free Fire) [Official Video],2022-09-18T13:00:18Z,12954501,376542,14765,PT3M33S,none
ZMH9AMwAk34,UCIwFjwMjI0y7PDBVEO9-bkQ,Justin Bieber,"Justin Bieber, Don Toliver - Honest (The Making Of ‘Honest’ / Vevo Footnotes)",2022-06-15T16:00:17Z,7472021,131457,5529,PT3M32S,none
-78y2WW4YDA,UCIwFjwMjI0y7PDBVEO9-bkQ,Justin Bieber,#shorts,2022-05-31T17:54:49Z,4009282,150483,3712,PT11S,none
